andersonword,andersoncount,andersonrank
state,102,1
minnesota,57,2
will,55,3
government,52,4
people,44,5
legislature,42,6
must,41,7
session,36,8
also,25,9
can,25,9
one,22,11
year,22,11
know,21,13
legislative,21,13
many,20,15
now,20,15
public,20,15
energy,19,18
way,18,19
million,17,20
system,17,20
federal,16,22
major,16,22
need,16,22
years,16,22
legislation,15,26
service,15,26
tax,15,26
give,14,29
support,14,29
time,14,29
attention,13,32
help,13,32
just,13,32
percent,13,32
provide,13,32
another,12,37
make,12,37
meet,12,37
metropolitan,12,37
needs,12,37
opportunity,12,37
take,12,37
action,11,44
available,11,44
believe,11,44
citizens,11,44
community,11,44
members,11,44
new,11,44
program,11,44
retirement,11,44
still,11,44
weeks,11,44
benefits,10,55
business,10,55
department,10,55
today,10,55
transit,10,55
work,10,55
ago,9,61
budget,9,61
deserve,9,61
improve,9,61
means,9,61
open,9,61
provided,9,61
right,9,61
school,9,61
thats,9,61
two,9,61
use,9,61
well,9,61
approximately,8,74
crisis,8,74
dont,8,74
economy,8,74
election,8,74
employees,8,74
funds,8,74
human,8,74
important,8,74
information,8,74
job,8,74
laws,8,74
let,8,74
long,8,74
months,8,74
office,8,74
possible,8,74
priority,8,74
recommend,8,74
act,7,93
basic,7,93
bill,7,93
commission,7,93
continue,7,93
even,7,93
every,7,93
executive,7,93
finance,7,93
first,7,93
future,7,93
hope,7,93
life,7,93
much,7,93
next,7,93
oil,7,93
openness,7,93
political,7,93
want,7,93
women,7,93
workers,7,93
age,6,114
already,6,114
ask,6,114
best,6,114
campaigns,6,114
cars,6,114
commitment,6,114
consideration,6,114
difficult,6,114
dollars,6,114
efforts,6,114
end,6,114
ever,6,114
farm,6,114
find,6,114
gasoline,6,114
housing,6,114
last,6,114
may,6,114
message,6,114
national,6,114
party,6,114
problem,6,114
provides,6,114
quality,6,114
real,6,114
since,6,114
strong,6,114
top,6,114
truth,6,114
wage,6,114
alone,5,145
amendment,5,145
become,5,145
better,5,145
biennium,5,145
bring,5,145
campaign,5,145
change,5,145
compensation,5,145
develop,5,145
effort,5,145
elected,5,145
essential,5,145
everyone,5,145
family,5,145
final,5,145
great,5,145
homes,5,145
including,5,145
kind,5,145
like,5,145
made,5,145
maximum,5,145
minimum,5,145
minnesotas,5,145
nation,5,145
necessary,5,145
number,5,145
passage,5,145
pay,5,145
plan,5,145
price,5,145
projections,5,145
providing,5,145
remaining,5,145
representative,5,145
revenue,5,145
said,5,145
several,5,145
small,5,145
special,5,145
states,5,145
step,5,145
tell,5,145
things,5,145
urge,5,145
waste,5,145
additional,4,192
agencies,4,192
among,4,192
authority,4,192
benefit,4,192
built,4,192
come,4,192
committee,4,192
communities,4,192
conservation,4,192
contributions,4,192
council,4,192
day,4,192
deal,4,192
disclosure,4,192
districts,4,192
drive,4,192
everybody,4,192
extend,4,192
financial,4,192
gallon,4,192
given,4,192
handicapped,4,192
health,4,192
high,4,192
highway,4,192
income,4,192
institutions,4,192
issues,4,192
keep,4,192
known,4,192
law,4,192
leadership,4,192
level,4,192
list,4,192
lives,4,192
local,4,192
longer,4,192
majority,4,192
management,4,192
mandate,4,192
month,4,192
old,4,192
pass,4,192
per,4,192
planning,4,192
policy,4,192
present,4,192
president,4,192
private,4,192
process,4,192
programs,4,192
proposed,4,192
purpose,4,192
put,4,192
questions,4,192
really,4,192
recommendations,4,192
reform,4,192
require,4,192
retire,4,192
revenues,4,192
rights,4,192
salaries,4,192
senate,4,192
senior,4,192
serious,4,192
served,4,192
speaker,4,192
spending,4,192
steps,4,192
strength,4,192
strongly,4,192
times,4,192
transportation,4,192
try,4,192
turn,4,192
unemployment,4,192
upon,4,192
weekly,4,192
accomplished,3,272
achieve,3,272
address,3,272
adjustments,3,272
agency,3,272
ahead,3,272
almost,3,272
americans,3,272
answer,3,272
area,3,272
assistance,3,272
automobile,3,272
average,3,272
back,3,272
begin,3,272
beyond,3,272
bills,3,272
boards,3,272
bonding,3,272
budgeting,3,272
cant,3,272
chance,3,272
city,3,272
classrooms,3,272
clear,3,272
coleman,3,272
companies,3,272
concerns,3,272
constitutional,3,272
corporations,3,272
corrections,3,272
country,3,272
departments,3,272
designation,3,272
development,3,272
dollar,3,272
done,3,272
education,3,272
employee,3,272
empty,3,272
ends,3,272
environment,3,272
establish,3,272
establishing,3,272
faced,3,272
facilities,3,272
fair,3,272
finally,3,272
fiscal,3,272
frustrating,3,272
fully,3,272
gallons,3,272
get,3,272
governments,3,272
guaranteed,3,272
highways,3,272
history,3,272
home,3,272
house,3,272
houses,3,272
ill,3,272
immediate,3,272
impossible,3,272
increases,3,272
independent,3,272
insure,3,272
interest,3,272
items,3,272
judgment,3,272
land,3,272
large,3,272
leap,3,272
live,3,272
loans,3,272
mandatory,3,272
matter,3,272
men,3,272
minnesotans,3,272
nearly,3,272
needed,3,272
never,3,272
november,3,272
officers,3,272
officials,3,272
order,3,272
others,3,272
overdue,3,272
part,3,272
perhaps,3,272
permit,3,272
place,3,272
pleased,3,272
portion,3,272
press,3,272
problems,3,272
procedures,3,272
processes,3,272
projected,3,272
proposing,3,272
protect,3,272
question,3,272
reapportionment,3,272
reason,3,272
receive,3,272
recommended,3,272
redistrict,3,272
reduce,3,272
reflect,3,272
relief,3,272
rely,3,272
report,3,272
reporters,3,272
requires,3,272
resources,3,272
responsibility,3,272
responsible,3,272
responsive,3,272
responsiveness,3,272
rest,3,272
security,3,272
senator,3,272
serve,3,272
share,3,272
shortage,3,272
significance,3,272
significant,3,272
single,3,272
six,3,272
students,3,272
supports,3,272
taxpayer,3,272
thoughtful,3,272
three,3,272
together,3,272
tough,3,272
uncertain,3,272
unique,3,272
wasted,3,272
week,3,272
without,3,272
worked,3,272
worker,3,272
working,3,272
able,2,415
accept,2,415
access,2,415
accomplish,2,415
accountable,2,415
across,2,415
acted,2,415
activities,2,415
addition,2,415
administration,2,415
adopted,2,415
afford,2,415
agenda,2,415
alec,2,415
along,2,415
american,2,415
amount,2,415
anew,2,415
anticipate,2,415
antidiscrimination,2,415
appropriate,2,415
appropriation,2,415
appropriations,2,415
around,2,415
article,2,415
asked,2,415
assure,2,415
astate,2,415
attempt,2,415
automobiles,2,415
availability,2,415
aware,2,415
balanced,2,415
based,2,415
basis,2,415
beginning,2,415
begun,2,415
bicentennial,2,415
bipartisan,2,415
blindfolds,2,415
bonus,2,415
branches,2,415
brief,2,415
bus,2,415
buses,2,415
businessmen,2,415
called,2,415
campuses,2,415
cancer,2,415
candidates,2,415
careful,2,415
carefully,2,415
central,2,415
certain,2,415
changes,2,415
children,2,415
choose,2,415
clearly,2,415
closed,2,415
college,2,415
comes,2,415
coming,2,415
committees,2,415
compete,2,415
complex,2,415
concern,2,415
condition,2,415
confidential,2,415
conglomerates,2,415
congressional,2,415
congressman,2,415
consider,2,415
constitute,2,415
contain,2,415
continuing,2,415
contribute,2,415
cooperate,2,415
court,2,415
coverage,2,415
critical,2,415
current,2,415
custody,2,415
dare,2,415
days,2,415
deadly,2,415
decisions,2,415
deliberate,2,415
deliberations,2,415
demand,2,415
democrats,2,415
deny,2,415
developing,2,415
devote,2,415
devoted,2,415
devotion,2,415
disappear,2,415
disaster,2,415
doors,2,415
doubt,2,415
easy,2,415
economic,2,415
effective,2,415
either,2,415
else,2,415
environmental,2,415
equal,2,415
equally,2,415
example,2,415
excess,2,415
excuse,2,415
exist,2,415
expensive,2,415
explore,2,415
extended,2,415
fact,2,415
facts,2,415
failed,2,415
fall,2,415
farmers,2,415
farming,2,415
farms,2,415
fellow,2,415
financing,2,415
five,2,415
force,2,415
forced,2,415
free,2,415
freedom,2,415
fundamental,2,415
general,2,415
goal,2,415
goes,2,415
governmental,2,415
governor,2,415
granted,2,415
grateful,2,415
half,2,415
happen,2,415
hard,2,415
heads,2,415
heard,2,415
heating,2,415
hold,2,415
honorable,2,415
hospitals,2,415
hour,2,415
hours,2,415
impasse,2,415
improvement,2,415
improving,2,415
include,2,415
includes,2,415
increase,2,415
individuals,2,415
inefficiency,2,415
infecting,2,415
interim,2,415
irv,2,415
issue,2,415
january,2,415
justice,2,415
knows,2,415
labor,2,415
largest,2,415
later,2,415
leader,2,415
league,2,415
leave,2,415
legitimate,2,415
less,2,415
limits,2,415
living,2,415
losing,2,415
low,2,415
maintenance,2,415
mass,2,415
matters,2,415
mean,2,415
measure,2,415
meetings,2,415
member,2,415
method,2,415
model,2,415
moment,2,415
nations,2,415
neighborhoods,2,415
nofault,2,415
often,2,415
olson,2,415
opening,2,415
operations,2,415
outreach,2,415
ownership,2,415
page,2,415
partisan,2,415
past,2,415
paying,2,415
performance,2,415
period,2,415
permits,2,415
personnel,2,415
point,2,415
politics,2,415
poor,2,415
population,2,415
possibility,2,415
precisely,2,415
pressure,2,415
previous,2,415
priorities,2,415
productive,2,415
profits,2,415
projects,2,415
property,2,415
protection,2,415
qualified,2,415
quickly,2,415
realistic,2,415
reasonable,2,415
receiving,2,415
recent,2,415
recognize,2,415
recommending,2,415
reduction,2,415
reforms,2,415
register,2,415
regulation,2,415
relatively,2,415
reported,2,415
reports,2,415
representatives,2,415
republicans,2,415
requests,2,415
required,2,415
requirements,2,415
respond,2,415
response,2,415
result,2,415
review,2,415
run,2,415
rural,2,415
sabo,2,415
safe,2,415
seats,2,415
seek,2,415
seems,2,415
semistate,2,415
senators,2,415
services,2,415
shortrange,2,415
sides,2,415
size,2,415
society,2,415
sold,2,415
sources,2,415
spaces,2,415
speed,2,415
spirit,2,415
staff,2,415
stake,2,415
standards,2,415
stop,2,415
story,2,415
strengthening,2,415
supplement,2,415
supplies,2,415
supreme,2,415
survey,2,415
systems,2,415
talent,2,415
teams,2,415
technician,2,415
tempting,2,415
therefore,2,415
third,2,415
thousands,2,415
threat,2,415
throughout,2,415
total,2,415
toward,2,415
trained,2,415
treatment,2,415
truths,2,415
unit,2,415
unless,2,415
unprecedented,2,415
vehicles,2,415
veterans,2,415
vietnam,2,415
vital,2,415
vote,2,415
voters,2,415
voting,2,415
wanted,2,415
war,2,415
wasteful,2,415
ways,2,415
whole,2,415
willing,2,415
win,2,415
winter,2,415
within,2,415
works,2,415
worlds,2,415
wrong,2,415
yet,2,415
young,2,415
abandon,1,722
abandoned,1,722
abetter,1,722
abilities,1,722
ability,1,722
absolutely,1,722
accordingly,1,722
accountability,1,722
accusing,1,722
achieved,1,722
activity,1,722
ada,1,722
add,1,722
addresses,1,722
adequacy,1,722
adequate,1,722
adjust,1,722
adlai,1,722
administrations,1,722
administrative,1,722
adopt,1,722
advantages,1,722
advisory,1,722
affair,1,722
affect,1,722
affected,1,722
affirmative,1,722
afterall,1,722
aftermath,1,722
afterthought,1,722
aged,1,722
agendas,1,722
agree,1,722
agricultural,1,722
agriculture,1,722
alarmed,1,722
alcohol,1,722
alcoholic,1,722
alienates,1,722
alignment,1,722
allegiance,1,722
allowable,1,722
alternative,1,722
although,1,722
amended,1,722
america,1,722
ancient,1,722
anderson,1,722
andersons,1,722
angel,1,722
annals,1,722
answers,1,722
anthony,1,722
anticipated,1,722
anticipating,1,722
anybody,1,722
anyone,1,722
appalling,1,722
apparent,1,722
appear,1,722
appears,1,722
appointive,1,722
appreciate,1,722
approach,1,722
approval,1,722
approve,1,722
approved,1,722
arbitration,1,722
architects,1,722
argue,1,722
argyle,1,722
arrangement,1,722
arrogance,1,722
arts,1,722
aside,1,722
assembled,1,722
assign,1,722
assigned,1,722
assumed,1,722
attempted,1,722
attract,1,722
attracting,1,722
audit,1,722
auditing,1,722
authored,1,722
automatically,1,722
awaiting,1,722
awaits,1,722
balance,1,722
barely,1,722
bargaining,1,722
battle,1,722
beat,1,722
became,1,722
becomes,1,722
becoming,1,722
beds,1,722
began,1,722
behind,1,722
berg,1,722
beverages,1,722
bicultural,1,722
bicycles,1,722
bilingual,1,722
binding,1,722
blatant,1,722
blind,1,722
blinded,1,722
board,1,722
body,1,722
bonds,1,722
booth,1,722
borden,1,722
bother,1,722
branch,1,722
bravely,1,722
bridges,1,722
briefly,1,722
bringing,1,722
broad,1,722
broken,1,722
buildings,1,722
bureaucracy,1,722
businesses,1,722
buttons,1,722
butz,1,722
buy,1,722
california,1,722
call,1,722
campaigned,1,722
campus,1,722
candidate,1,722
candor,1,722
capabilities,1,722
capability,1,722
capable,1,722
capacity,1,722
capitol,1,722
carried,1,722
carry,1,722
carrying,1,722
cast,1,722
catch,1,722
caucus,1,722
caucuses,1,722
census,1,722
centers,1,722
centralizing,1,722
certainly,1,722
chairman,1,722
chamberfrom,1,722
chambers,1,722
changed,1,722
chap,1,722
cheated,1,722
check,1,722
checkoff,1,722
chemical,1,722
choice,1,722
chooses,1,722
christopher,1,722
cities,1,722
citizen,1,722
claims,1,722
clarified,1,722
clarify,1,722
clean,1,722
cleaner,1,722
clearer,1,722
clock,1,722
cloud,1,722
collect,1,722
comfortable,1,722
comment,1,722
commerce,1,722
commissioner,1,722
commissions,1,722
commit,1,722
common,1,722
comparable,1,722
competition,1,722
competitive,1,722
complement,1,722
completed,1,722
completion,1,722
complicated,1,722
composed,1,722
comprehensive,1,722
compromise,1,722
concentrate,1,722
concentrated,1,722
concerned,1,722
concluded,1,722
conditions,1,722
conduct,1,722
confidence,1,722
conflict,1,722
conflicting,1,722
confronting,1,722
congratulate,1,722
congress,1,722
congressmans,1,722
consensus,1,722
consequences,1,722
considerable,1,722
considerations,1,722
considered,1,722
considering,1,722
constant,1,722
constitution,1,722
consume,1,722
consumer,1,722
contingency,1,722
continuation,1,722
continued,1,722
continuesto,1,722
contributors,1,722
convenient,1,722
convince,1,722
convinced,1,722
cooperation,1,722
coordinated,1,722
coordinating,1,722
coordinator,1,722
cornerstone,1,722
corporate,1,722
cost,1,722
counsel,1,722
county,1,722
courts,1,722
cover,1,722
create,1,722
creating,1,722
creation,1,722
credits,1,722
criminal,1,722
criminally,1,722
crippled,1,722
criticizing,1,722
crops,1,722
cultivate,1,722
cut,1,722
dakota,1,722
danger,1,722
dangerous,1,722
dared,1,722
dark,1,722
dayton,1,722
deadlines,1,722
dear,1,722
debate,1,722
decades,1,722
decent,1,722
decrepit,1,722
dedicated,1,722
defeat,1,722
define,1,722
deliver,1,722
demands,1,722
democraticfarmerlabor,1,722
demonstrate,1,722
demonstrated,1,722
dependency,1,722
dependent,1,722
depending,1,722
deprives,1,722
derive,1,722
describing,1,722
design,1,722
desirable,1,722
desire,1,722
desperate,1,722
detail,1,722
deteriorating,1,722
detoxification,1,722
developed,1,722
dick,1,722
die,1,722
differences,1,722
difficulty,1,722
direct,1,722
direction,1,722
directly,1,722
disability,1,722
disabled,1,722
disagrees,1,722
discouraged,1,722
discover,1,722
discriminate,1,722
discuss,1,722
disputes,1,722
disqualified,1,722
distances,1,722
distinguish,1,722
distinguished,1,722
divide,1,722
division,1,722
doesnt,1,722
dol,1,722
dormitories,1,722
dormitory,1,722
douglas,1,722
downtown,1,722
drainage,1,722
draw,1,722
driver,1,722
drivers,1,722
drug,1,722
dual,1,722
due,1,722
duluth,1,722
earl,1,722
earlier,1,722
earnest,1,722
earning,1,722
earnings,1,722
earns,1,722
easily,1,722
effect,1,722
effectiveness,1,722
eighteen,1,722
elections,1,722
elective,1,722
element,1,722
elementary,1,722
eligibility,1,722
embarrassed,1,722
emergencies,1,722
emphasize,1,722
employ,1,722
employers,1,722
employment,1,722
encourage,1,722
enforceable,1,722
engineers,1,722
english,1,722
enlarge,1,722
enterprise,1,722
entrenched,1,722
equip,1,722
equipped,1,722
equivalent,1,722
era,1,722
especially,1,722
established,1,722
esteem,1,722
estimates,1,722
ethics,1,722
evade,1,722
evening,1,722
events,1,722
everywhere,1,722
examination,1,722
exceed,1,722
excellent,1,722
excessive,1,722
excluded,1,722
excuses,1,722
executives,1,722
exempt,1,722
exercised,1,722
exert,1,722
existing,1,722
expect,1,722
expenditures,1,722
expense,1,722
expert,1,722
expertise,1,722
explain,1,722
express,1,722
expressed,1,722
extensive,1,722
extremely,1,722
fabric,1,722
face,1,722
facility,1,722
facing,1,722
factories,1,722
fail,1,722
failure,1,722
faith,1,722
faithnot,1,722
far,1,722
farreaching,1,722
favorable,1,722
fear,1,722
feel,1,722
felt,1,722
field,1,722
fifty,1,722
fight,1,722
fighting,1,722
figures,1,722
finds,1,722
fine,1,722
firstrate,1,722
fitzsimons,1,722
flexibility,1,722
flexible,1,722
flirting,1,722
focus,1,722
folks,1,722
following,1,722
fooling,1,722
forcing,1,722
foreign,1,722
foreseeable,1,722
formal,1,722
fortunate,1,722
fortune,1,722
forty,1,722
forward,1,722
forwarded,1,722
fought,1,722
found,1,722
four,1,722
fragile,1,722
fragmented,1,722
framework,1,722
freeze,1,722
freshness,1,722
frustration,1,722
fulfill,1,722
full,1,722
fulltime,1,722
function,1,722
fund,1,722
fundamentally,1,722
funding,1,722
gave,1,722
gentlemen,1,722
getting,1,722
gives,1,722
goals,1,722
god,1,722
going,1,722
governing,1,722
governmentor,1,722
grants,1,722
grass,1,722
gratitude,1,722
greatest,1,722
greatly,1,722
group,1,722
growing,1,722
grows,1,722
growth,1,722
guarantee,1,722
guests,1,722
guilty,1,722
handicaps,1,722
hands,1,722
handsome,1,722
harvest,1,722
haugerud,1,722
haunt,1,722
havent,1,722
head,1,722
headlined,1,722
healthy,1,722
hear,1,722
held,1,722
helped,1,722
helpful,1,722
helpless,1,722
hfl,1,722
historic,1,722
holders,1,722
honesty,1,722
horizon,1,722
however,1,722
huge,1,722
humane,1,722
humiliating,1,722
hundred,1,722
hundreds,1,722
hypocritical,1,722
identify,1,722
ignored,1,722
illegal,1,722
imagination,1,722
imaginative,1,722
impartial,1,722
imperatives,1,722
implementation,1,722
implements,1,722
implications,1,722
importance,1,722
improved,1,722
improvements,1,722
inaugural,1,722
inconvenient,1,722
increased,1,722
increasing,1,722
incredibly,1,722
incumbents,1,722
indecision,1,722
indeed,1,722
independence,1,722
indicated,1,722
industry,1,722
inexpensive,1,722
inform,1,722
injured,1,722
innovations,1,722
innovative,1,722
insane,1,722
install,1,722
instituted,1,722
institutionwill,1,722
instrumental,1,722
insurance,1,722
insurancewe,1,722
insures,1,722
integrate,1,722
integrity,1,722
intend,1,722
intercity,1,722
interestfree,1,722
international,1,722
intimidation,1,722
intolerable,1,722
irresponsible,1,722
isnt,1,722
iswhether,1,722
jail,1,722
jeopardy,1,722
john,1,722
join,1,722
joined,1,722
judged,1,722
judges,1,722
judicial,1,722
june,1,722
jury,1,722
justified,1,722
keefe,1,722
keeping,1,722
key,1,722
knew,1,722
knowing,1,722
knowledge,1,722
lack,1,722
ladies,1,722
landmark,1,722
language,1,722
late,1,722
lead,1,722
leaders,1,722
leaps,1,722
least,1,722
led,1,722
legislatures,1,722
levels,1,722
lewis,1,722
lieutenant,1,722
limitations,1,722
limited,1,722
lines,1,722
listed,1,722
listening,1,722
loaned,1,722
lobby,1,722
locked,1,722
longrange,1,722
look,1,722
losses,1,722
love,1,722
lower,1,722
magazine,1,722
magic,1,722
magnitude,1,722
maintain,1,722
making,1,722
mankato,1,722
manyears,1,722
market,1,722
marks,1,722
martin,1,722
matching,1,722
maximize,1,722
measured,1,722
measures,1,722
meeting,1,722
mental,1,722
mentally,1,722
merchandise,1,722
merely,1,722
met,1,722
methods,1,722
metro,1,722
michigan,1,722
might,1,722
miles,1,722
mind,1,722
minorities,1,722
minority,1,722
mistakes,1,722
misuse,1,722
modern,1,722
modification,1,722
modifications,1,722
modify,1,722
moe,1,722
money,1,722
monitor,1,722
moorhead,1,722
motorists,1,722
move,1,722
moving,1,722
muchneeded,1,722
multibillion,1,722
munger,1,722
nationalfor,1,722
near,1,722
nebraska,1,722
necessity,1,722
needy,1,722
neglect,1,722
neil,1,722
neither,1,722
newest,1,722
newness,1,722
newsmen,1,722
newspaper,1,722
nicholas,1,722
nine,1,722
nondiscriminatory,1,722
nonsupervisory,1,722
noon,1,722
north,1,722
noted,1,722
nothing,1,722
nowhere,1,722
nursing,1,722
observance,1,722
observances,1,722
obviously,1,722
occasionally,1,722
occupational,1,722
olav,1,722
omit,1,722
onehalf,1,722
onetenth,1,722
operating,1,722
operation,1,722
opportunities,1,722
optimistic,1,722
ordered,1,722
ordinary,1,722
organizing,1,722
osha,1,722
outrageous,1,722
outset,1,722
outstanding,1,722
outstate,1,722
overall,1,722
overly,1,722
overpowering,1,722
overwhelming,1,722
owned,1,722
paid,1,722
parks,1,722
parochial,1,722
partial,1,722
participants,1,722
participate,1,722
participation,1,722
parties,1,722
partisanship,1,722
parttime,1,722
passed,1,722
passing,1,722
pattern,1,722
paul,1,722
payments,1,722
payroll,1,722
pays,1,722
penetrate,1,722
pension,1,722
peoples,1,722
percentage,1,722
perfect,1,722
perfectly,1,722
perform,1,722
performed,1,722
permanent,1,722
persuasionhas,1,722
pessimistic,1,722
picture,1,722
pitted,1,722
placed,1,722
placing,1,722
plague,1,722
plant,1,722
plenty,1,722
positions,1,722
potential,1,722
potentially,1,722
power,1,722
practical,1,722
practice,1,722
practices,1,722
preceding,1,722
precious,1,722
predict,1,722
predicted,1,722
prediction,1,722
prejudice,1,722
premiums,1,722
preparation,1,722
prepare,1,722
preserve,1,722
presidential,1,722
preston,1,722
prices,1,722
pride,1,722
prison,1,722
prisoners,1,722
prisons,1,722
privilege,1,722
privileged,1,722
procuring,1,722
produced,1,722
progress,1,722
promises,1,722
promotions,1,722
proper,1,722
properly,1,722
proposal,1,722
propose,1,722
prosecuted,1,722
prospects,1,722
prosperity,1,722
protected,1,722
proven,1,722
provision,1,722
provisions,1,722
psychiatric,1,722
published,1,722
publishing,1,722
putting,1,722
qualify,1,722
quarter,1,722
quick,1,722
railroad,1,722
railroads,1,722
raised,1,722
raises,1,722
raising,1,722
rand,1,722
ranges,1,722
ranked,1,722
rate,1,722
rates,1,722
ratification,1,722
reach,1,722
read,1,722
reapportion,1,722
reapportioned,1,722
reassure,1,722
receives,1,722
recognition,1,722
recommendation,1,722
reconvene,1,722
reconvened,1,722
recorded,1,722
records,1,722
recordthe,1,722
recovering,1,722
reemphasize,1,722
refine,1,722
reforming,1,722
refusing,1,722
regardless,1,722
regards,1,722
registration,1,722
regret,1,722
rehabilitation,1,722
reiterate,1,722
related,1,722
relates,1,722
relations,1,722
reliance,1,722
remains,1,722
remarkable,1,722
renters,1,722
reorganizing,1,722
repair,1,722
repairs,1,722
representation,1,722
representing,1,722
represents,1,722
republican,1,722
request,1,722
requiring,1,722
residences,1,722
resilient,1,722
resolution,1,722
resort,1,722
respect,1,722
responsibilities,1,722
restores,1,722
restraints,1,722
restrict,1,722
restrictions,1,722
retirees,1,722
retires,1,722
return,1,722
reveal,1,722
revealing,1,722
revelations,1,722
revenuesharing,1,722
reviewed,1,722
revision,1,722
revisions,1,722
rhetoric,1,722
ride,1,722
rising,1,722
roadbeds,1,722
rochester,1,722
roger,1,722
role,1,722
room,1,722
routes,1,722
running,1,722
sacrificeif,1,722
saddened,1,722
safer,1,722
safety,1,722
sake,1,722
satisfaction,1,722
save,1,722
saved,1,722
saving,1,722
says,1,722
scale,1,722
scrutinize,1,722
second,1,722
secretary,1,722
see,1,722
seeking,1,722
seem,1,722
sees,1,722
select,1,722
selection,1,722
selfrespect,1,722
senseless,1,722
sent,1,722
sentencing,1,722
separate,1,722
seriously,1,722
sessions,1,722
set,1,722
seti,1,722
setting,1,722
settle,1,722
shape,1,722
shield,1,722
shirt,1,722
short,1,722
shortages,1,722
shortsighted,1,722
show,1,722
shown,1,722
sick,1,722
sickens,1,722
sign,1,722
signed,1,722
simon,1,722
simply,1,722
situation,1,722
situations,1,722
sixteen,1,722
sixty,1,722
smalltown,1,722
social,1,722
solely,1,722
soliciting,1,722
solution,1,722
something,1,722
soonand,1,722
sooner,1,722
south,1,722
specialists,1,722
specific,1,722
specifically,1,722
speech,1,722
spiritand,1,722
spite,1,722
sports,1,722
springs,1,722
squander,1,722
stages,1,722
standing,1,722
stands,1,722
start,1,722
started,1,722
starting,1,722
starved,1,722
stated,1,722
stations,1,722
status,1,722
stevenson,1,722
store,1,722
strengthen,1,722
strengths,1,722
strictly,1,722
stronger,1,722
structure,1,722
struggle,1,722
study,1,722
subject,1,722
subsidies,1,722
subsidized,1,722
substance,1,722
substanceon,1,722
substantial,1,722
succeed,1,722
success,1,722
successful,1,722
successfully,1,722
suffer,1,722
suffering,1,722
suggested,1,722
summarizing,1,722
summary,1,722
supervision,1,722
supervisory,1,722
supply,1,722
suppress,1,722
surprised,1,722
taints,1,722
taken,1,722
takes,1,722
talented,1,722
task,1,722
tate,1,722
taxpayers,1,722
techniques,1,722
ten,1,722
thank,1,722
thanks,1,722
theres,1,722
theyre,1,722
thing,1,722
think,1,722
though,1,722
thought,1,722
thousand,1,722
threatened,1,722
threatening,1,722
threshold,1,722
thrust,1,722
thus,1,722
tied,1,722
timidity,1,722
timing,1,722
toa,1,722
todays,1,722
tolerate,1,722
tom,1,722
tomorrow,1,722
took,1,722
tool,1,722
totalling,1,722
toughness,1,722
tractors,1,722
traditional,1,722
tragedy,1,722
tragic,1,722
trains,1,722
transform,1,722
treat,1,722
trip,1,722
troubled,1,722
trucks,1,722
true,1,722
trying,1,722
twenty,1,722
twice,1,722
twin,1,722
undermines,1,722
undermining,1,722
understand,1,722
undertake,1,722
undertaken,1,722
undetermined,1,722
unfinished,1,722
unfortunate,1,722
unintentionally,1,722
uniquely,1,722
uniqueness,1,722
units,1,722
unsafe,1,722
unspent,1,722
unwilling,1,722
upgrade,1,722
urban,1,722
urgency,1,722
urgent,1,722
urging,1,722
used,1,722
using,1,722
usually,1,722
utilities,1,722
vacant,1,722
vagueness,1,722
value,1,722
various,1,722
veto,1,722
vigorous,1,722
visible,1,722
vision,1,722
voluntary,1,722
voter,1,722
votes,1,722
wages,1,722
warmest,1,722
warnings,1,722
washington,1,722
wasnt,1,722
water,1,722
wear,1,722
welfare,1,722
wellknown,1,722
wellprepared,1,722
whatever,1,722
wherever,1,722
whether,1,722
whose,1,722
widely,1,722
willard,1,722
wins,1,722
wisdom,1,722
wish,1,722
won,1,722
words,1,722
workingmen,1,722
workmens,1,722
worse,1,722
worthy,1,722
yesterday,1,722
yesterdays,1,722
york,1,722
youthful,1,722
zero,1,722
zwach,1,722
