carlsonwords,carlsoncount,carlsonrank
will,332,1
minnesota,273,2
state,199,3
children,180,4
can,138,5
people,129,6
want,119,7
must,117,8
new,112,9
jobs,103,10
work,99,11
one,95,12
now,92,13
education,87,14
years,86,15
government,83,16
make,80,17
percent,72,18
first,69,19
every,68,20
million,67,21
need,67,21
year,67,21
also,66,24
families,66,24
system,66,24
minnesotans,61,27
community,60,28
school,60,28
care,56,30
health,53,31
reform,53,31
together,52,33
help,51,34
many,51,34
tax,51,34
today,51,34
schools,48,38
job,47,39
legislature,47,39
time,47,39
young,47,39
states,46,43
parents,45,44
future,44,45
students,44,45
workers,44,45
crime,43,48
life,43,48
programs,42,50
budget,41,51
minnesotas,41,51
spending,41,51
child,40,54
let,40,54
know,39,56
last,39,56
good,38,58
high,38,58
business,37,60
say,37,60
much,36,62
quality,36,62
two,36,62
welfare,36,62
change,35,66
give,35,66
just,35,66
program,34,69
take,34,69
way,34,69
working,34,69
back,33,73
create,33,73
national,33,73
better,32,76
local,32,76
best,31,78
billion,31,78
costs,31,78
next,31,78
well,31,78
childrens,29,83
like,29,83
means,29,83
teachers,29,83
get,28,87
opportunity,28,87
past,27,89
public,27,89
support,27,89
taxes,27,89
three,27,89
department,26,94
economy,26,94
focus,26,94
communities,25,97
growth,25,97
university,25,97
world,25,97
governor,24,101
pay,24,101
plan,24,101
put,24,101
social,24,101
violence,24,101
come,23,107
commitment,23,107
dollars,23,107
economic,23,107
family,23,107
financial,23,107
increase,23,107
kids,23,107
legislative,23,107
nation,23,107
needs,23,107
session,23,107
success,23,107
thank,23,107
without,23,107
continue,22,122
hard,22,122
medical,22,122
provide,22,122
access,21,126
become,21,126
higher,21,126
level,21,126
sense,21,126
services,21,126
bring,20,132
compensation,20,132
employers,20,132
environment,20,132
home,20,132
less,20,132
lives,20,132
members,20,132
money,20,132
start,20,132
values,20,132
within,20,132
youth,20,132
begin,19,145
bill,19,145
certain,19,145
going,19,145
live,19,145
made,19,145
partnerships,19,145
paul,19,145
place,19,145
resources,19,145
skills,19,145
america,18,156
businesses,18,156
center,18,156
challenge,18,156
great,18,156
income,18,156
part,18,156
rate,18,156
results,18,156
right,18,156
society,18,156
technology,18,156
tell,18,156
administration,17,169
believe,17,169
cost,17,169
cut,17,169
day,17,169
even,17,169
fact,17,169
federal,17,169
learning,17,169
minneapolis,17,169
number,17,169
rates,17,169
succeed,17,169
training,17,169
ago,16,183
build,16,183
companies,16,183
funding,16,183
look,16,183
partnership,16,183
property,16,183
propose,16,183
recognize,16,183
since,16,183
single,16,183
strong,16,183
times,16,183
address,15,196
always,15,196
basic,15,196
changes,15,196
climate,15,196
competition,15,196
grow,15,196
leadership,15,196
problem,15,196
proposal,15,196
see,15,196
serve,15,196
service,15,196
standards,15,196
violent,15,196
built,14,211
clear,14,211
comprehensive,14,211
example,14,211
five,14,211
former,14,211
four,14,211
goal,14,211
institutions,14,211
keep,14,211
law,14,211
long,14,211
package,14,211
personal,14,211
police,14,211
president,14,211
taxpayers,14,211
things,14,211
think,14,211
tonight,14,211
week,14,211
across,13,232
already,13,232
called,13,232
choice,13,232
court,13,232
created,13,232
leader,13,232
learn,13,232
major,13,232
order,13,232
prevention,13,232
problems,13,232
recession,13,232
said,13,232
top,13,232
agencies,12,247
ahead,12,247
among,12,247
another,12,247
area,12,247
arts,12,247
competitive,12,247
crisis,12,247
deal,12,247
educational,12,247
entire,12,247
expand,12,247
face,12,247
free,12,247
governors,12,247
important,12,247
issues,12,247
making,12,247
management,12,247
may,12,247
mean,12,247
never,12,247
private,12,247
reforms,12,247
require,12,247
rest,12,247
safe,12,247
shortfall,12,247
simply,12,247
six,12,247
something,12,247
streets,12,247
achieve,11,279
allow,11,279
areas,11,279
asked,11,279
average,11,279
away,11,279
century,11,279
citizens,11,279
committed,11,279
control,11,279
creation,11,279
done,11,279
dream,11,279
early,11,279
ever,11,279
governments,11,279
growing,11,279
history,11,279
house,11,279
industry,11,279
issue,11,279
laws,11,279
legislators,11,279
longer,11,279
longterm,11,279
math,11,279
offer,11,279
opportunities,11,279
park,11,279
per,11,279
rather,11,279
real,11,279
record,11,279
reduce,11,279
report,11,279
responsibility,11,279
safety,11,279
save,11,279
second,11,279
served,11,279
share,11,279
term,11,279
third,11,279
thousands,11,279
told,11,279
toward,11,279
upon,11,279
vision,11,279
able,10,327
absolutely,10,327
act,10,327
affordable,10,327
ask,10,327
bond,10,327
building,10,327
challenges,10,327
city,10,327
computer,10,327
crimes,10,327
decisions,10,327
end,10,327
enforcement,10,327
enough,10,327
especially,10,327
head,10,327
hope,10,327
increased,10,327
juvenile,10,327
lose,10,327
matter,10,327
move,10,327
nearly,10,327
necessary,10,327
obligation,10,327
often,10,327
political,10,327
poverty,10,327
proposing,10,327
rating,10,327
reason,10,327
responsible,10,327
seen,10,327
serious,10,327
simple,10,327
small,10,327
special,10,327
spend,10,327
taken,10,327
trust,10,327
value,10,327
wellbeing,10,327
yet,10,327
accomplished,9,371
assistance,9,371
bipartisan,9,371
choices,9,371
chose,9,371
cities,9,371
close,9,371
college,9,371
commission,9,371
computers,9,371
dakota,9,371
designed,9,371
efforts,9,371
everything,9,371
excellence,9,371
expect,9,371
fellow,9,371
find,9,371
friends,9,371
improve,9,371
including,9,371
initiative,9,371
join,9,371
justice,9,371
key,9,371
meaningful,9,371
meet,9,371
neighborhoods,9,371
nothing,9,371
officers,9,371
passed,9,371
power,9,371
priorities,9,371
process,9,371
protect,9,371
reach,9,371
reality,9,371
receive,9,371
research,9,371
seek,9,371
set,9,371
stay,9,371
surplus,9,371
taking,9,371
thanks,9,371
unemployment,9,371
use,9,371
ways,9,371
additional,8,419
adults,8,419
agree,8,419
american,8,419
apprenticeship,8,419
around,8,419
assured,8,419
behalf,8,419
call,8,419
compete,8,419
course,8,419
develop,8,419
difficult,8,419
effort,8,419
experience,8,419
force,8,419
giving,8,419
goals,8,419
greater,8,419
helping,8,419
hold,8,419
increasing,8,419
invest,8,419
labor,8,419
lead,8,419
least,8,419
left,8,419
lets,8,419
mandates,8,419
model,8,419
month,8,419
needed,8,419
old,8,419
others,8,419
pass,8,419
priority,8,419
prison,8,419
proud,8,419
pursue,8,419
putting,8,419
reading,8,419
reforming,8,419
role,8,419
savings,8,419
science,8,419
show,8,419
speaker,8,419
spent,8,419
stand,8,419
status,8,419
stop,8,419
street,8,419
successful,8,419
throughout,8,419
truly,8,419
truth,8,419
wall,8,419
whether,8,419
academic,7,477
achievement,7,477
addition,7,477
anderson,7,477
beyond,7,477
body,7,477
chief,7,477
comes,7,477
confidence,7,477
constitutional,7,477
coverage,7,477
creating,7,477
cuts,7,477
days,7,477
decades,7,477
define,7,477
despite,7,477
development,7,477
direct,7,477
easy,7,477
effective,7,477
equipment,7,477
exciting,7,477
failure,7,477
fall,7,477
far,7,477
feel,7,477
finally,7,477
forge,7,477
full,7,477
fund,7,477
given,7,477
global,7,477
gwen,7,477
healthy,7,477
heart,7,477
held,7,477
however,7,477
human,7,477
insurance,7,477
intend,7,477
lack,7,477
later,7,477
leaders,7,477
leave,7,477
little,7,477
love,7,477
mayo,7,477
minority,7,477
open,7,477
options,7,477
organizations,7,477
overall,7,477
parent,7,477
potential,7,477
price,7,477
products,7,477
proposed,7,477
quo,7,477
ready,7,477
recently,7,477
recognized,7,477
recommendations,7,477
relationship,7,477
relief,7,477
return,7,477
river,7,477
sector,7,477
seven,7,477
short,7,477
south,7,477
strengthen,7,477
student,7,477
supreme,7,477
sure,7,477
talking,7,477
target,7,477
technical,7,477
tough,7,477
turn,7,477
united,7,477
using,7,477
wisconsin,7,477
worked,7,477
according,6,561
action,6,561
actions,6,561
affect,6,561
afraid,6,561
agenda,6,561
alone,6,561
answer,6,561
approach,6,561
aside,6,561
basis,6,561
beginning,6,561
behind,6,561
big,6,561
brooklyn,6,561
came,6,561
career,6,561
choose,6,561
clinic,6,561
company,6,561
criminals,6,561
critical,6,561
debt,6,561
decision,6,561
degree,6,561
dont,6,561
drive,6,561
eight,6,561
embrace,6,561
environmental,6,561
finding,6,561
fiscal,6,561
form,6,561
gap,6,561
general,6,561
grants,6,561
groups,6,561
honor,6,561
impact,6,561
increases,6,561
individual,6,561
individuals,6,561
information,6,561
instead,6,561
kind,6,561
kinds,6,561
known,6,561
large,6,561
limits,6,561
lost,6,561
measure,6,561
natural,6,561
neighborhood,6,561
north,6,561
northwest,6,561
offenders,6,561
particularly,6,561
performance,6,561
person,6,561
projects,6,561
proposals,6,561
raise,6,561
ranked,6,561
remember,6,561
reputation,6,561
reserve,6,561
resource,6,561
respect,6,561
result,6,561
revenue,6,561
rewards,6,561
rochester,6,561
senator,6,561
significant,6,561
skilled,6,561
solid,6,561
solve,6,561
step,6,561
still,6,561
strategy,6,561
teach,6,561
ten,6,561
thing,6,561
total,6,561
tremendous,6,561
twin,6,561
twins,6,561
understand,6,561
unless,6,561
vote,6,561
wetlands,6,561
whatever,6,561
whole,6,561
win,6,561
women,6,561
add,5,656
afford,5,656
asking,5,656
assist,5,656
audience,5,656
authority,5,656
balance,5,656
barriers,5,656
based,5,656
began,5,656
biggest,5,656
block,5,656
bringing,5,656
builds,5,656
capital,5,656
caring,5,656
carruthers,5,656
class,5,656
construction,5,656
courage,5,656
creative,5,656
credit,5,656
critics,5,656
culture,5,656
current,5,656
declined,5,656
demand,5,656
discipline,5,656
dollar,5,656
educators,5,656
either,5,656
else,5,656
employment,5,656
enhance,5,656
enjoy,5,656
enormous,5,656
enter,5,656
failed,5,656
failing,5,656
falls,5,656
fear,5,656
fighting,5,656
flexibility,5,656
floods,5,656
fortunate,5,656
forward,5,656
gave,5,656
generation,5,656
goes,5,656
grades,5,656
graduates,5,656
granted,5,656
half,5,656
hand,5,656
helps,5,656
highest,5,656
homes,5,656
hours,5,656
identity,5,656
immediate,5,656
improvement,5,656
improving,5,656
include,5,656
innovative,5,656
investment,5,656
investments,5,656
kept,5,656
learned,5,656
led,5,656
line,5,656
list,5,656
lot,5,656
low,5,656
lower,5,656
lowest,5,656
merit,5,656
message,5,656
millions,5,656
minds,5,656
minimum,5,656
moment,5,656
moved,5,656
murder,5,656
museum,5,656
nationally,5,656
nations,5,656
objectives,5,656
outcomes,5,656
outstanding,5,656
owe,5,656
penalties,5,656
percentage,5,656
perhaps,5,656
planning,5,656
policy,5,656
prayer,5,656
prepared,5,656
preserve,5,656
product,5,656
protection,5,656
realities,5,656
reflect,5,656
remain,5,656
remind,5,656
remove,5,656
representative,5,656
revenues,5,656
rising,5,656
risk,5,656
road,5,656
run,5,656
secure,5,656
security,5,656
senate,5,656
send,5,656
setting,5,656
several,5,656
shot,5,656
statewide,5,656
statistics,5,656
subsidies,5,656
successes,5,656
sweeps,5,656
systems,5,656
talk,5,656
targeted,5,656
taxpayer,5,656
test,5,656
track,5,656
victims,5,656
walk,5,656
war,5,656
went,5,656
won,5,656
yearold,5,656
yes,5,656
aaa,4,792
ability,4,792
abuse,4,792
accessible,4,792
accountable,4,792
accounts,4,792
actually,4,792
adopt,4,792
affected,4,792
agency,4,792
airlines,4,792
alcohol,4,792
allows,4,792
amount,4,792
assault,4,792
assuring,4,792
available,4,792
barrier,4,792
became,4,792
begun,4,792
benson,4,792
birth,4,792
bonds,4,792
brings,4,792
broad,4,792
burdensome,4,792
cabinet,4,792
capitol,4,792
centers,4,792
central,4,792
challenging,4,792
chance,4,792
changing,4,792
childhood,4,792
childs,4,792
clean,4,792
closely,4,792
closer,4,792
colleges,4,792
commercial,4,792
commissioners,4,792
commit,4,792
compassion,4,792
complete,4,792
concerns,4,792
confident,4,792
costly,4,792
country,4,792
county,4,792
criminal,4,792
dangerous,4,792
dean,4,792
deserve,4,792
developed,4,792
difference,4,792
different,4,792
direction,4,792
directly,4,792
domestic,4,792
driving,4,792
drop,4,792
drugs,4,792
dynamic,4,792
dyrstad,4,792
educate,4,792
elected,4,792
employees,4,792
employing,4,792
entrepreneurs,4,792
equal,4,792
establish,4,792
existing,4,792
expected,4,792
faced,4,792
facilities,4,792
facing,4,792
february,4,792
fifth,4,792
finest,4,792
firsttime,4,792
forced,4,792
foreign,4,792
foundation,4,792
freedom,4,792
fully,4,792
funded,4,792
getting,4,792
gives,4,792
graduation,4,792
grant,4,792
group,4,792
helped,4,792
honest,4,792
ideas,4,792
importantly,4,792
incentives,4,792
includes,4,792
industrial,4,792
industries,4,792
inflation,4,792
intelligence,4,792
interest,4,792
involved,4,792
involvement,4,792
jim,4,792
journey,4,792
laboratory,4,792
lakes,4,792
largely,4,792
legislation,4,792
lies,4,792
likely,4,792
maintain,4,792
manufacturing,4,792
met,4,792
middle,4,792
might,4,792
minnesotacare,4,792
minnesotan,4,792
mission,4,792
moe,4,792
moving,4,792
none,4,792
numbers,4,792
offender,4,792
office,4,792
officials,4,792
ones,4,792
outdoors,4,792
parks,4,792
participate,4,792
party,4,792
philosophy,4,792
point,4,792
policies,4,792
premiums,4,792
prepare,4,792
prevent,4,792
prisons,4,792
privilege,4,792
productive,4,792
progress,4,792
project,4,792
provided,4,792
pull,4,792
quickly,4,792
raising,4,792
range,4,792
ranking,4,792
recent,4,792
red,4,792
reflects,4,792
repeat,4,792
requests,4,792
reserves,4,792
reward,4,792
rise,4,792
running,4,792
shortage,4,792
signed,4,792
size,4,792
soil,4,792
sometimes,4,792
spenders,4,792
spoke,4,792
stadium,4,792
steps,4,792
stories,4,792
strategies,4,792
strength,4,792
study,4,792
sturdy,4,792
summer,4,792
teaching,4,792
team,4,792
teenage,4,792
teenagers,4,792
tenure,4,792
tired,4,792
todays,4,792
tomorrow,4,792
took,4,792
toughest,4,792
tragedy,4,792
train,4,792
transplant,4,792
traveled,4,792
trend,4,792
true,4,792
ultimately,4,792
unfortunately,4,792
unprecedented,4,792
veterans,4,792
vetoes,4,792
vital,4,792
vitality,4,792
washington,4,792
words,4,792
writing,4,792
account,3,991
accountability,3,991
active,3,991
adequate,3,991
admit,3,991
adopted,3,991
aggressive,3,991
aggressively,3,991
agriculture,3,991
aid,3,991
air,3,991
allowing,3,991
along,3,991
alternatives,3,991
ambitious,3,991
anew,3,991
anticipated,3,991
applicants,3,991
apply,3,991
approximately,3,991
asia,3,991
atrisk,3,991
attention,3,991
attitude,3,991
becomes,3,991
behavior,3,991
benefit,3,991
biennium,3,991
bills,3,991
bishop,3,991
boards,3,991
bob,3,991
bold,3,991
bonding,3,991
border,3,991
borrowing,3,991
break,3,991
brought,3,991
buildings,3,991
bureaucracies,3,991
campus,3,991
capacity,3,991
cases,3,991
cast,3,991
caused,3,991
celebrate,3,991
changed,3,991
charter,3,991
check,3,991
churches,3,991
clearly,3,991
coming,3,991
commercialindustrial,3,991
common,3,991
communications,3,991
compassionate,3,991
congress,3,991
consider,3,991
contracts,3,991
contribute,3,991
convicted,3,991
core,3,991
corporation,3,991
counties,3,991
creativity,3,991
cultural,3,991
cycle,3,991
daughter,3,991
debate,3,991
decide,3,991
dedicated,3,991
deficit,3,991
defines,3,991
delay,3,991
delighted,3,991
demands,3,991
democracy,3,991
departments,3,991
dependency,3,991
depression,3,991
despair,3,991
directed,3,991
discovered,3,991
dispute,3,991
district,3,991
districts,3,991
dramatic,3,991
dramatically,3,991
dreams,3,991
dropped,3,991
earlier,3,991
eliminating,3,991
elsewhere,3,991
emphasis,3,991
employer,3,991
employs,3,991
empower,3,991
engine,3,991
enjoying,3,991
ensure,3,991
entrenched,3,991
essential,3,991
evening,3,991
eventually,3,991
everyone,3,991
excited,3,991
executive,3,991
expectations,3,991
extremely,3,991
eye,3,991
factor,3,991
factors,3,991
facts,3,991
faith,3,991
farmers,3,991
faster,3,991
favored,3,991
fewer,3,991
financing,3,991
fine,3,991
firm,3,991
fixed,3,991
focused,3,991
forest,3,991
formed,3,991
forming,3,991
foster,3,991
fouryear,3,991
french,3,991
frontier,3,991
function,3,991
generations,3,991
geography,3,991
gone,3,991
governmental,3,991
graduate,3,991
grew,3,991
ground,3,991
handson,3,991
harriet,3,991
highpaying,3,991
highwage,3,991
hire,3,991
holding,3,991
honesty,3,991
housing,3,991
hundred,3,991
hundreds,3,991
hurting,3,991
ice,3,991
identified,3,991
identifying,3,991
ignore,3,991
implemented,3,991
indicated,3,991
inherit,3,991
inherited,3,991
inmates,3,991
inner,3,991
integrity,3,991
international,3,991
internet,3,991
involving,3,991
iowa,3,991
january,3,991
joanell,3,991
judge,3,991
keeps,3,991
land,3,991
largest,3,991
leading,3,991
legacy,3,991
levels,3,991
library,3,991
lie,3,991
lieutenant,3,991
light,3,991
limit,3,991
limited,3,991
link,3,991
literally,3,991
lived,3,991
living,3,991
location,3,991
majority,3,991
makes,3,991
manage,3,991
mankato,3,991
marketplace,3,991
marvelous,3,991
massive,3,991
matters,3,991
meeting,3,991
member,3,991
mnscu,3,991
months,3,991
munger,3,991
mutual,3,991
news,3,991
nowhere,3,991
objective,3,991
obstacles,3,991
officer,3,991
official,3,991
optimism,3,991
outlined,3,991
outside,3,991
overcome,3,991
owners,3,991
pain,3,991
partner,3,991
path,3,991
period,3,991
pick,3,991
pitch,3,991
places,3,991
plant,3,991
pleased,3,991
pleasure,3,991
pledge,3,991
points,3,991
policing,3,991
positioned,3,991
positive,3,991
powerful,3,991
pray,3,991
pregnancy,3,991
pride,3,991
principal,3,991
printing,3,991
projected,3,991
proven,3,991
provider,3,991
provides,3,991
providing,3,991
push,3,991
reaching,3,991
readiness,3,991
recall,3,991
reduced,3,991
related,3,991
reorganize,3,991
represents,3,991
request,3,991
requires,3,991
requiring,3,991
residential,3,991
resolve,3,991
restore,3,991
returns,3,991
reverse,3,991
rigorous,3,991
rim,3,991
rural,3,991
rush,3,991
safer,3,991
sales,3,991
salute,3,991
saved,3,991
scores,3,991
sentences,3,991
settle,3,991
severe,3,991
sign,3,991
situation,3,991
solution,3,991
someone,3,991
soon,3,991
sound,3,991
space,3,991
spear,3,991
speech,3,991
spirit,3,991
spring,3,991
starting,3,991
steve,3,991
stood,3,991
story,3,991
strengthening,3,991
strict,3,991
stronger,3,991
subject,3,991
substantially,3,991
survey,3,991
sviggum,3,991
talked,3,991
task,3,991
teacher,3,991
tests,3,991
thats,3,991
therefore,3,991
threat,3,991
tools,3,991
touch,3,991
trade,3,991
trained,3,991
transportation,3,991
treasure,3,991
trouble,3,991
universities,3,991
upcoming,3,991
urge,3,991
urgency,3,991
variety,3,991
volunteer,3,991
wanted,3,991
wants,3,991
watch,3,991
water,3,991
willard,3,991
williams,3,991
willing,3,991
worried,3,991
worthington,3,991
yearolds,3,991
york,3,991
yudof,3,991
abilities,2,1308
ablebodied,2,1308
abundantly,2,1308
academies,2,1308
accept,2,1308
accepted,2,1308
accident,2,1308
accused,2,1308
achievable,2,1308
acres,2,1308
activity,2,1308
addressing,2,1308
administrators,2,1308
advanced,2,1308
advantage,2,1308
african,2,1308
afternoon,2,1308
afterschool,2,1308
age,2,1308
agent,2,1308
ages,2,1308
agribusiness,2,1308
aided,2,1308
alley,2,1308
allover,2,1308
allowed,2,1308
almost,2,1308
alternative,2,1308
americans,2,1308
amid,2,1308
angry,2,1308
announced,2,1308
anxiety,2,1308
anymore,2,1308
anything,2,1308
anywhere,2,1308
apartment,2,1308
appeals,2,1308
appellate,2,1308
appointed,2,1308
approaches,2,1308
approval,2,1308
arbitration,2,1308
arid,2,1308
arrested,2,1308
asian,2,1308
assaulted,2,1308
assume,2,1308
assure,2,1308
attend,2,1308
attitudes,2,1308
attracted,2,1308
audit,2,1308
authorized,2,1308
authorizing,2,1308
auto,2,1308
avoid,2,1308
award,2,1308
aware,2,1308
babies,2,1308
battles,2,1308
beauty,2,1308
belief,2,1308
believed,2,1308
benefits,2,1308
bet,2,1308
binding,2,1308
blame,2,1308
blatz,2,1308
blessed,2,1308
bloomington,2,1308
blue,2,1308
boarding,2,1308
bottom,2,1308
bound,2,1308
brand,2,1308
bread,2,1308
breakdown,2,1308
bridge,2,1308
bright,2,1308
brightest,2,1308
budgeting,2,1308
bulge,2,1308
bureaucracy,2,1308
bureaucratic,2,1308
burnsville,2,1308
buy,2,1308
calling,2,1308
camp,2,1308
camps,2,1308
campuses,2,1308
candidate,2,1308
carry,2,1308
case,2,1308
cells,2,1308
cellular,2,1308
centralized,2,1308
ceo,2,1308
certainly,2,1308
chairman,2,1308
chamber,2,1308
chancellor,2,1308
charge,2,1308
charging,2,1308
chronic,2,1308
cited,2,1308
citizen,2,1308
civic,2,1308
classes,2,1308
classroom,2,1308
clinton,2,1308
clubs,2,1308
coalitions,2,1308
coast,2,1308
code,2,1308
cohesive,2,1308
cold,2,1308
collectively,2,1308
color,2,1308
combination,2,1308
comfortable,2,1308
commissioner,2,1308
communitybased,2,1308
companys,2,1308
compel,2,1308
complain,2,1308
complement,2,1308
concentrate,2,1308
concept,2,1308
concern,2,1308
conducive,2,1308
conduct,2,1308
conducted,2,1308
connected,2,1308
consequences,2,1308
context,2,1308
controlling,2,1308
controversial,2,1308
convenient,2,1308
convinced,2,1308
corrections,2,1308
costing,2,1308
countries,2,1308
courtesies,2,1308
covered,2,1308
cracks,2,1308
creators,2,1308
customers,2,1308
cutbacks,2,1308
cutting,2,1308
cuttingedge,2,1308
dads,2,1308
data,2,1308
dealt,2,1308
decade,2,1308
decent,2,1308
decided,2,1308
dedication,2,1308
deduct,2,1308
deeply,2,1308
deliver,2,1308
delivered,2,1308
demanding,2,1308
democrat,2,1308
democratic,2,1308
design,2,1308
desk,2,1308
desperately,2,1308
destiny,2,1308
developing,2,1308
died,2,1308
differences,2,1308
differently,2,1308
digital,2,1308
discussing,2,1308
distance,2,1308
distinctive,2,1308
distinguished,2,1308
diverse,2,1308
diversity,2,1308
divorced,2,1308
donated,2,1308
doors,2,1308
doubt,2,1308
downturn,2,1308
draw,2,1308
drinking,2,1308
driveby,2,1308
driven,2,1308
dropping,2,1308
duluth,2,1308
duplication,2,1308
earn,2,1308
earned,2,1308
east,2,1308
edge,2,1308
educated,2,1308
edvest,2,1308
efficiency,2,1308
efficient,2,1308
elect,2,1308
elementary,2,1308
elmer,2,1308
embodies,2,1308
employee,2,1308
enact,2,1308
encouraged,2,1308
energies,2,1308
enforce,2,1308
engage,2,1308
engaging,2,1308
english,2,1308
enjoyed,2,1308
enrichment,2,1308
enroll,2,1308
enrollment,2,1308
enterprise,2,1308
entirely,2,1308
ethic,2,1308
europe,2,1308
exactly,2,1308
examples,2,1308
exceeded,2,1308
excel,2,1308
excellent,2,1308
exceptional,2,1308
excite,2,1308
exemplified,2,1308
exemplifies,2,1308
exist,2,1308
expansion,2,1308
expansions,2,1308
expectation,2,1308
expenditures,2,1308
expensive,2,1308
experiment,2,1308
expertise,2,1308
experts,2,1308
express,2,1308
fair,2,1308
fairness,2,1308
falling,2,1308
farms,2,1308
father,2,1308
fault,2,1308
fees,2,1308
felt,2,1308
fergus,2,1308
field,2,1308
film,2,1308
finance,2,1308
finances,2,1308
firms,2,1308
fish,2,1308
fix,2,1308
flexible,2,1308
focuses,2,1308
focusing,2,1308
follow,2,1308
forces,2,1308
forecast,2,1308
forget,2,1308
fourth,2,1308
fragmented,2,1308
freeing,2,1308
fresh,2,1308
frustrated,2,1308
fuel,2,1308
fundamental,2,1308
funds,2,1308
gain,2,1308
gangs,2,1308
generate,2,1308
generates,2,1308
got,2,1308
grade,2,1308
graders,2,1308
graduated,2,1308
grandchildren,2,1308
granddaughter,2,1308
graphics,2,1308
greed,2,1308
grows,2,1308
guidelines,2,1308
hands,2,1308
happens,2,1308
happiness,2,1308
hardworking,2,1308
hate,2,1308
headed,2,1308
hear,2,1308
heard,2,1308
hennepin,2,1308
heritage,2,1308
highskill,2,1308
honestly,2,1308
honeywell,2,1308
hopes,2,1308
host,2,1308
hungry,2,1308
ibm,2,1308
idea,2,1308
identify,2,1308
ignored,2,1308
illustrate,2,1308
immediately,2,1308
immigrant,2,1308
importance,2,1308
improved,2,1308
included,2,1308
increasingly,2,1308
incredible,2,1308
increment,2,1308
indeed,2,1308
independence,2,1308
influence,2,1308
initiatives,2,1308
insist,2,1308
instance,2,1308
instill,2,1308
integral,2,1308
integrated,2,1308
intensive,2,1308
interests,2,1308
introduce,2,1308
introduced,2,1308
investing,2,1308
invite,2,1308
involve,2,1308
ive,2,1308
jason,2,1308
johnson,2,1308
josephs,2,1308
joy,2,1308
juveniles,2,1308
kathleen,2,1308
keith,2,1308
killed,2,1308
kindergarten,2,1308
kindness,2,1308
knowledge,2,1308
knows,2,1308
lacks,2,1308
landmark,2,1308
launched,2,1308
leads,2,1308
legislator,2,1308
legislatures,2,1308
licenses,2,1308
lifelong,2,1308
lifetime,2,1308
linking,2,1308
listen,2,1308
listening,2,1308
liver,2,1308
loan,2,1308
located,2,1308
lock,2,1308
locks,2,1308
log,2,1308
looked,2,1308
looking,2,1308
losing,2,1308
loss,2,1308
losses,2,1308
loved,2,1308
magazine,2,1308
maintaining,2,1308
mandate,2,1308
manufacturer,2,1308
manufacturers,2,1308
mark,2,1308
market,2,1308
marketable,2,1308
markets,2,1308
marshall,2,1308
maybe,2,1308
mayor,2,1308
maze,2,1308
meant,2,1308
measured,2,1308
measures,2,1308
medtronic,2,1308
memorial,2,1308
men,2,1308
midwest,2,1308
mills,2,1308
mine,2,1308
miss,2,1308
mississippi,2,1308
molecular,2,1308
moms,2,1308
moorhead,2,1308
mother,2,1308
music,2,1308
narrow,2,1308
naysayers,2,1308
neighbors,2,1308
network,2,1308
newest,2,1308
newspapers,2,1308
night,2,1308
noble,2,1308
nonetloss,2,1308
nonprofit,2,1308
nutrition,2,1308
occupation,2,1308
occur,2,1308
offered,2,1308
offers,2,1308
ofthe,2,1308
onestop,2,1308
oneway,2,1308
opening,2,1308
optimistic,2,1308
outcome,2,1308
outdoor,2,1308
outline,2,1308
outofhome,2,1308
outpacing,2,1308
overnight,2,1308
owner,2,1308
pace,2,1308
panel,2,1308
paper,2,1308
parental,2,1308
parochial,2,1308
participants,2,1308
participation,2,1308
partisan,2,1308
passage,2,1308
patrol,2,1308
pauls,2,1308
payments,2,1308
peen,2,1308
peoples,2,1308
performed,2,1308
permanency,2,1308
permit,2,1308
perpetuate,2,1308
phase,2,1308
physicians,2,1308
picked,2,1308
pilot,2,1308
pioneering,2,1308
placements,2,1308
plagued,2,1308
pledging,2,1308
poised,2,1308
politics,2,1308
pollution,2,1308
poors,2,1308
position,2,1308
possibilities,2,1308
postsecondary,2,1308
precisely,2,1308
predators,2,1308
pregnant,2,1308
prenatal,2,1308
preparation,2,1308
preparing,2,1308
present,2,1308
presidentelect,2,1308
press,2,1308
prevented,2,1308
previously,2,1308
prey,2,1308
prior,2,1308
probably,2,1308
produces,2,1308
production,2,1308
programming,2,1308
progressive,2,1308
promise,2,1308
promote,2,1308
proper,2,1308
protecting,2,1308
protects,2,1308
prudence,2,1308
prudent,2,1308
punishment,2,1308
qualified,2,1308
questioned,2,1308
raises,2,1308
ranging,2,1308
rank,2,1308
rape,2,1308
rapidly,2,1308
rated,2,1308
read,2,1308
realistic,2,1308
realize,2,1308
really,2,1308
reasons,2,1308
recover,2,1308
recreation,2,1308
recreational,2,1308
reducing,2,1308
reductions,2,1308
reformers,2,1308
refurbish,2,1308
refuse,2,1308
regained,2,1308
regulations,2,1308
regulatory,2,1308
relations,2,1308
released,2,1308
rely,2,1308
relying,2,1308
remedy,2,1308
reminded,2,1308
removed,2,1308
removing,2,1308
reorganizing,2,1308
reports,2,1308
republican,2,1308
responsive,2,1308
restructure,2,1308
rests,2,1308
retain,2,1308
retirement,2,1308
returned,2,1308
rewarding,2,1308
rhetoric,2,1308
rich,2,1308
ridiculous,2,1308
risked,2,1308
riverfront,2,1308
rivers,2,1308
roads,2,1308
roger,2,1308
roll,2,1308
rolls,2,1308
ron,2,1308
room,2,1308
roseville,2,1308
rule,2,1308
runaway,2,1308
sacrifices,2,1308
sandy,2,1308
saw,2,1308
says,2,1308
scale,2,1308
scope,2,1308
seamless,2,1308
secondary,2,1308
sectors,2,1308
seeing,2,1308
seeking,2,1308
selection,2,1308
selfemployed,2,1308
selfesteem,2,1308
selfsufficiency,2,1308
selfsufficient,2,1308
sell,2,1308
sentence,2,1308
seriousness,2,1308
serves,2,1308
serving,2,1308
sex,2,1308
sexual,2,1308
shape,2,1308
sharing,2,1308
shift,2,1308
shootings,2,1308
shop,2,1308
shopping,2,1308
shortfalls,2,1308
shortterm,2,1308
shoulder,2,1308
showed,2,1308
shows,2,1308
side,2,1308
sides,2,1308
signal,2,1308
sincerely,2,1308
slide,2,1308
soccer,2,1308
software,2,1308
solutions,2,1308
solved,2,1308
someday,2,1308
someones,2,1308
soul,2,1308
specific,2,1308
spoken,2,1308
sports,2,1308
spurs,2,1308
squander,2,1308
stable,2,1308
stalking,2,1308
standard,2,1308
standardized,2,1308
started,2,1308
stem,2,1308
stepped,2,1308
strengthened,2,1308
strengthens,2,1308
stress,2,1308
strike,2,1308
strongest,2,1308
structural,2,1308
struggling,2,1308
submit,2,1308
subsidy,2,1308
substantial,2,1308
subtle,2,1308
suggest,2,1308
sunday,2,1308
supplemental,2,1308
supported,2,1308
susan,2,1308
sustainable,2,1308
taconite,2,1308
talented,2,1308
taxing,2,1308
taylor,2,1308
teams,2,1308
technologies,2,1308
teen,2,1308
teetering,2,1308
tells,2,1308
tend,2,1308
tens,2,1308
theft,2,1308
thereby,2,1308
thinking,2,1308
threatened,2,1308
thrive,2,1308
thugs,2,1308
ticket,2,1308
tide,2,1308
tightest,2,1308
tolerate,2,1308
town,2,1308
tracks,2,1308
trails,2,1308
transfer,2,1308
transform,2,1308
transition,2,1308
transport,2,1308
travel,2,1308
tried,2,1308
try,2,1308
tune,2,1308
turf,2,1308
turned,2,1308
turning,2,1308
twice,2,1308
understanding,2,1308
unicameral,2,1308
uninsured,2,1308
unique,2,1308
unite,2,1308
universitys,2,1308
used,2,1308
valueadded,2,1308
ventures,2,1308
via,2,1308
vibrant,2,1308
vice,2,1308
victim,2,1308
video,2,1308
violators,2,1308
visit,2,1308
volunteered,2,1308
volunteers,2,1308
vow,2,1308
wage,2,1308
wages,2,1308
warroad,2,1308
watching,2,1308
welcome,2,1308
whose,2,1308
wife,2,1308
wildlife,2,1308
willingness,2,1308
willmar,2,1308
winning,2,1308
winter,2,1308
wisdom,2,1308
wish,2,1308
wonderful,2,1308
workforce,2,1308
works,2,1308
worldclass,2,1308
worry,2,1308
abandon,1,1995
aber,1,1995
abolishing,1,1995
absent,1,1995
absurdity,1,1995
abused,1,1995
abut,1,1995
academy,1,1995
accelerate,1,1995
accelerating,1,1995
acceleration,1,1995
acceptable,1,1995
accepting,1,1995
accompany,1,1995
accomplishments,1,1995
accumulates,1,1995
accuracy,1,1995
achievements,1,1995
achieves,1,1995
acknowledge,1,1995
activities,1,1995
acute,1,1995
adapt,1,1995
adapted,1,1995
adding,1,1995
addressed,1,1995
addresses,1,1995
adequately,1,1995
adhering,1,1995
adjourns,1,1995
administered,1,1995
admired,1,1995
adolescence,1,1995
adopting,1,1995
adoption,1,1995
adult,1,1995
advance,1,1995
advances,1,1995
advantages,1,1995
adventurers,1,1995
advice,1,1995
advisors,1,1995
advocates,1,1995
afdc,1,1995
affecting,1,1995
affirmative,1,1995
affliction,1,1995
affluent,1,1995
agents,1,1995
agreement,1,1995
agreements,1,1995
aim,1,1995
aimed,1,1995
airline,1,1995
airport,1,1995
aisle,1,1995
alan,1,1995
alfalfa,1,1995
alice,1,1995
allamerican,1,1995
alliances,1,1995
allout,1,1995
alltime,1,1995
ally,1,1995
alter,1,1995
although,1,1995
altogether,1,1995
amendment,1,1995
amendments,1,1995
americas,1,1995
americaspeaker,1,1995
amidst,1,1995
analysis,1,1995
ancestors,1,1995
andor,1,1995
anguish,1,1995
anniversary,1,1995
announcing,1,1995
annually,1,1995
anticrime,1,1995
antistalking,1,1995
anxious,1,1995
anytime,1,1995
anyway,1,1995
apart,1,1995
apartments,1,1995
appeal,1,1995
appear,1,1995
applaud,1,1995
applying,1,1995
appreciate,1,1995
apprenticeshipb,1,1995
apprenticeships,1,1995
appropriate,1,1995
appropriations,1,1995
approve,1,1995
april,1,1995
architecture,1,1995
arent,1,1995
argue,1,1995
arrangement,1,1995
arrangements,1,1995
array,1,1995
arrest,1,1995
arresting,1,1995
arrived,1,1995
art,1,1995
artificial,1,1995
artists,1,1995
ascending,1,1995
aspect,1,1995
aspects,1,1995
aspirations,1,1995
aspires,1,1995
assailants,1,1995
assess,1,1995
asset,1,1995
assets,1,1995
assisted,1,1995
association,1,1995
ata,1,1995
athletic,1,1995
athletics,1,1995
attack,1,1995
attacked,1,1995
attain,1,1995
attempt,1,1995
attempting,1,1995
attempts,1,1995
attended,1,1995
attract,1,1995
attracting,1,1995
attractions,1,1995
auditor,1,1995
audubon,1,1995
authorship,1,1995
averaged,1,1995
avoided,1,1995
await,1,1995
awarded,1,1995
awards,1,1995
awareness,1,1995
babysitter,1,1995
backgrounds,1,1995
backward,1,1995
badly,1,1995
bags,1,1995
bake,1,1995
balcony,1,1995
balk,1,1995
ballot,1,1995
bank,1,1995
banner,1,1995
barb,1,1995
bargain,1,1995
bargaining,1,1995
barnard,1,1995
barton,1,1995
base,1,1995
baseball,1,1995
battered,1,1995
battle,1,1995
baywe,1,1995
bear,1,1995
beat,1,1995
beautiful,1,1995
becoming,1,1995
bed,1,1995
beer,1,1995
begins,1,1995
beings,1,1995
believing,1,1995
beloved,1,1995
belts,1,1995
bemidji,1,1995
bench,1,1995
benchmark,1,1995
benchmarks,1,1995
benefitted,1,1995
berlin,1,1995
beset,1,1995
betterment,1,1995
bewildered,1,1995
bigger,1,1995
billiondollar,1,1995
biology,1,1995
biotechnology,1,1995
bishops,1,1995
bite,1,1995
bitter,1,1995
blackduck,1,1995
blacksmith,1,1995
blaming,1,1995
blend,1,1995
blessings,1,1995
blind,1,1995
blizzards,1,1995
blocked,1,1995
blocking,1,1995
blood,1,1995
blow,1,1995
bluntly,1,1995
board,1,1995
boats,1,1995
bombing,1,1995
bone,1,1995
books,1,1995
booming,1,1995
born,1,1995
borrow,1,1995
bothers,1,1995
bought,1,1995
bouncing,1,1995
bowe,1,1995
boxleitner,1,1995
boy,1,1995
brainerd,1,1995
brakes,1,1995
brandeis,1,1995
brandl,1,1995
brawny,1,1995
breadth,1,1995
breakfast,1,1995
breaking,1,1995
breathtaking,1,1995
brethren,1,1995
bricks,1,1995
bridges,1,1995
briefly,1,1995
brighter,1,1995
brighton,1,1995
broadly,1,1995
broke,1,1995
broken,1,1995
broker,1,1995
brothers,1,1995
brush,1,1995
brutal,1,1995
budgets,1,1995
bulk,1,1995
burden,1,1995
burdened,1,1995
burglary,1,1995
businessman,1,1995
businessmen,1,1995
butter,1,1995
buying,1,1995
bystanders,1,1995
calculated,1,1995
calculates,1,1995
caledonia,1,1995
california,1,1995
californiab,1,1995
calls,1,1995
campaign,1,1995
campaigns,1,1995
camping,1,1995
canada,1,1995
canoe,1,1995
cant,1,1995
capabilities,1,1995
capable,1,1995
captured,1,1995
car,1,1995
card,1,1995
carefully,1,1995
carewelfare,1,1995
cars,1,1995
cash,1,1995
castle,1,1995
catastrophe,1,1995
catch,1,1995
categories,1,1995
caught,1,1995
cause,1,1995
causes,1,1995
cautious,1,1995
cave,1,1995
cds,1,1995
cent,1,1995
centered,1,1995
centerpiece,1,1995
centuries,1,1995
cerra,1,1995
certified,1,1995
challenged,1,1995
chambers,1,1995
championships,1,1995
character,1,1995
chemicals,1,1995
cherish,1,1995
chewing,1,1995
childhoods,1,1995
china,1,1995
chosen,1,1995
christiaan,1,1995
church,1,1995
cigarettes,1,1995
citing,1,1995
civil,1,1995
claim,1,1995
clarke,1,1995
classification,1,1995
classrooms,1,1995
cleaned,1,1995
cleaning,1,1995
cleanup,1,1995
clergy,1,1995
climbed,1,1995
climbing,1,1995
climbs,1,1995
clock,1,1995
closeknit,1,1995
closest,1,1995
clothes,1,1995
cloud,1,1995
cluster,1,1995
cluttered,1,1995
coach,1,1995
codes,1,1995
coined,1,1995
collaborative,1,1995
collaboratives,1,1995
colleagues,1,1995
collect,1,1995
collective,1,1995
combat,1,1995
combine,1,1995
combined,1,1995
comer,1,1995
commend,1,1995
comment,1,1995
commissions,1,1995
commitments,1,1995
committee,1,1995
committing,1,1995
communicate,1,1995
communication,1,1995
communitiesinschools,1,1995
communityoriented,1,1995
comp,1,1995
comparison,1,1995
compelling,1,1995
compels,1,1995
compensated,1,1995
competency,1,1995
competent,1,1995
competing,1,1995
competitions,1,1995
competitors,1,1995
complaint,1,1995
complaints,1,1995
completed,1,1995
completely,1,1995
complexities,1,1995
complexity,1,1995
conceptualize,1,1995
concerned,1,1995
condition,1,1995
conferences,1,1995
confidently,1,1995
confirms,1,1995
conflicts,1,1995
confront,1,1995
confronted,1,1995
confusing,1,1995
congratulations,1,1995
congressman,1,1995
consensus,1,1995
consequence,1,1995
conserve,1,1995
considerate,1,1995
consideration,1,1995
consisted,1,1995
consisting,1,1995
constantly,1,1995
constructive,1,1995
consumed,1,1995
consumeroriented,1,1995
consumers,1,1995
contact,1,1995
contacts,1,1995
contained,1,1995
containment,1,1995
contemplates,1,1995
contentious,1,1995
continuation,1,1995
continued,1,1995
continues,1,1995
contract,1,1995
contributing,1,1995
controlled,1,1995
controls,1,1995
controversy,1,1995
conventions,1,1995
conviction,1,1995
cookies,1,1995
cooling,1,1995
coordinate,1,1995
coordinated,1,1995
coordination,1,1995
copier,1,1995
corage,1,1995
corn,1,1995
corner,1,1995
corporations,1,1995
correction,1,1995
corridor,1,1995
costdrivers,1,1995
costed,1,1995
costefficient,1,1995
counselors,1,1995
count,1,1995
countless,1,1995
countryside,1,1995
courageous,1,1995
courageously,1,1995
courses,1,1995
courts,1,1995
cover,1,1995
cray,1,1995
crazy,1,1995
credibility,1,1995
credible,1,1995
credits,1,1995
cries,1,1995
crimecorrections,1,1995
crises,1,1995
crosscountry,1,1995
crossing,1,1995
crossroads,1,1995
crowd,1,1995
crucial,1,1995
cruel,1,1995
crystal,1,1995
curbing,1,1995
curfew,1,1995
curious,1,1995
currently,1,1995
curves,1,1995
cushion,1,1995
customer,1,1995
cycles,1,1995
damage,1,1995
damn,1,1995
dancing,1,1995
dare,1,1995
dates,1,1995
davis,1,1995
dawdling,1,1995
dead,1,1995
dealing,1,1995
dear,1,1995
deaths,1,1995
decisionmaking,1,1995
declining,1,1995
decorated,1,1995
decrease,1,1995
decreased,1,1995
dedicate,1,1995
deductions,1,1995
deep,1,1995
deepest,1,1995
defensive,1,1995
defined,1,1995
defining,1,1995
delano,1,1995
delegation,1,1995
delicate,1,1995
demanded,1,1995
demographics,1,1995
demonstrate,1,1995
demonstrated,1,1995
dempsey,1,1995
depend,1,1995
dependence,1,1995
dependent,1,1995
depending,1,1995
depleted,1,1995
depleting,1,1995
deposit,1,1995
depth,1,1995
des,1,1995
describe,1,1995
deserves,1,1995
designs,1,1995
desirable,1,1995
desiring,1,1995
detention,1,1995
deteriorate,1,1995
deteriorates,1,1995
determine,1,1995
determined,1,1995
detroit,1,1995
devastating,1,1995
devices,1,1995
diem,1,1995
difficulty,1,1995
dime,1,1995
diploma,1,1995
dipping,1,1995
disabilities,1,1995
disabled,1,1995
disappearing,1,1995
disappointed,1,1995
disappointment,1,1995
disarray,1,1995
discarded,1,1995
disciplined,1,1995
disclosed,1,1995
discouraged,1,1995
discourages,1,1995
discoveries,1,1995
discovery,1,1995
discrimination,1,1995
discuss,1,1995
discussion,1,1995
disjointed,1,1995
dislike,1,1995
dismantle,1,1995
displays,1,1995
disputes,1,1995
distinction,1,1995
distracted,1,1995
distraction,1,1995
divide,1,1995
divided,1,1995
divides,1,1995
documented,1,1995
doesnt,1,1995
don,1,1995
donate,1,1995
donhowe,1,1995
doubled,1,1995
doubleincome,1,1995
downside,1,1995
downsizing,1,1995
downtown,1,1995
dozen,1,1995
dozens,1,1995
drafted,1,1995
draining,1,1995
drawn,1,1995
drink,1,1995
drives,1,1995
duane,1,1995
due,1,1995
duluths,1,1995
duration,1,1995
duty,1,1995
dwi,1,1995
dynamo,1,1995
eagan,1,1995
earliest,1,1995
earning,1,1995
earth,1,1995
easier,1,1995
eat,1,1995
eating,1,1995
eaton,1,1995
ebb,1,1995
edges,1,1995
edina,1,1995
educator,1,1995
effect,1,1995
effectively,1,1995
effectiveness,1,1995
effects,1,1995
efficiencies,1,1995
egalitarian,1,1995
eibensteiner,1,1995
eighth,1,1995
eighty,1,1995
election,1,1995
electricity,1,1995
elegant,1,1995
elevation,1,1995
eligibility,1,1995
eliminate,1,1995
eliminated,1,1995
eliminates,1,1995
elite,1,1995
email,1,1995
embarrasses,1,1995
embodied,1,1995
embody,1,1995
emerge,1,1995
emerged,1,1995
emergency,1,1995
emotional,1,1995
emphasize,1,1995
emphasized,1,1995
employable,1,1995
employed,1,1995
encompass,1,1995
encounter,1,1995
encourage,1,1995
encouragement,1,1995
encourages,1,1995
endeavor,1,1995
endeavors,1,1995
endless,1,1995
ends,1,1995
endure,1,1995
endured,1,1995
enduring,1,1995
enemy,1,1995
energy,1,1995
engineering,1,1995
engineers,1,1995
engines,1,1995
enhanced,1,1995
enhances,1,1995
enhancing,1,1995
enrich,1,1995
enriches,1,1995
enrolled,1,1995
entering,1,1995
enterprises,1,1995
entertainment,1,1995
entirety,1,1995
entitled,1,1995
entitlement,1,1995
entrepreneurial,1,1995
entrust,1,1995
enviable,1,1995
envision,1,1995
equality,1,1995
equally,1,1995
equals,1,1995
equip,1,1995
equipmentintensive,1,1995
equipped,1,1995
era,1,1995
erected,1,1995
erosion,1,1995
err,1,1995
erriam,1,1995
escalates,1,1995
escalating,1,1995
escape,1,1995
essence,1,1995
established,1,1995
establishing,1,1995
ethanol,1,1995
ethics,1,1995
evaluate,1,1995
everpresent,1,1995
everyday,1,1995
evidence,1,1995
exam,1,1995
examination,1,1995
exceed,1,1995
exceeding,1,1995
excelled,1,1995
excessive,1,1995
excitement,1,1995
excuse,1,1995
excused,1,1995
excuses,1,1995
exempt,1,1995
exemption,1,1995
exercise,1,1995
exhausted,1,1995
exhibits,1,1995
existed,1,1995
exists,1,1995
expanded,1,1995
expanding,1,1995
expection,1,1995
experiments,1,1995
explain,1,1995
explore,1,1995
exploring,1,1995
explosion,1,1995
export,1,1995
exposed,1,1995
exposition,1,1995
extended,1,1995
extends,1,1995
extent,1,1995
extinction,1,1995
extraordinarily,1,1995
extreme,1,1995
eyes,1,1995
fabric,1,1995
faces,1,1995
facility,1,1995
factories,1,1995
faculty,1,1995
fail,1,1995
failures,1,1995
fairly,1,1995
false,1,1995
faraway,1,1995
faribault,1,1995
farm,1,1995
farreaching,1,1995
fast,1,1995
fastest,1,1995
fatherhood,1,1995
fathers,1,1995
faulty,1,1995
fayfield,1,1995
fda,1,1995
fears,1,1995
fed,1,1995
feels,1,1995
feet,1,1995
fell,1,1995
festival,1,1995
festivals,1,1995
festivalsto,1,1995
fiber,1,1995
fifty,1,1995
fiftyeight,1,1995
fiftyfour,1,1995
fight,1,1995
figure,1,1995
fill,1,1995
filled,1,1995
films,1,1995
final,1,1995
financially,1,1995
finds,1,1995
firmly,1,1995
firstrate,1,1995
fiscally,1,1995
fished,1,1995
fishing,1,1995
fits,1,1995
fitting,1,1995
flags,1,1995
floor,1,1995
flour,1,1995
fly,1,1995
fmd,1,1995
followed,1,1995
following,1,1995
fondly,1,1995
foods,1,1995
forbidden,1,1995
foremost,1,1995
forged,1,1995
forging,1,1995
formation,1,1995
formidable,1,1995
forms,1,1995
formulated,1,1995
forth,1,1995
fortunately,1,1995
fortune,1,1995
fosters,1,1995
fought,1,1995
founded,1,1995
founder,1,1995
fragile,1,1995
fragmentation,1,1995
framework,1,1995
frank,1,1995
franklin,1,1995
frankly,1,1995
fredericks,1,1995
freefall,1,1995
freeze,1,1995
friend,1,1995
fritter,1,1995
frozen,1,1995
fulfill,1,1995
fulltime,1,1995
fullwell,1,1995
furloughed,1,1995
furthermore,1,1995
futures,1,1995
gained,1,1995
gallery,1,1995
game,1,1995
gaping,1,1995
gaps,1,1995
garbage,1,1995
gates,1,1995
gateway,1,1995
gateways,1,1995
geared,1,1995
gene,1,1995
generously,1,1995
genuine,1,1995
geriatric,1,1995
germany,1,1995
gesture,1,1995
gets,1,1995
giant,1,1995
gilbert,1,1995
girard,1,1995
glen,1,1995
globe,1,1995
glorification,1,1995
glow,1,1995
gotten,1,1995
governance,1,1995
grading,1,1995
gradually,1,1995
grandfather,1,1995
gratitude,1,1995
grave,1,1995
greatest,1,1995
greatly,1,1995
greats,1,1995
greg,1,1995
gridlock,1,1995
grips,1,1995
gross,1,1995
grown,1,1995
growthoriented,1,1995
guadalajara,1,1995
guarantees,1,1995
guard,1,1995
guess,1,1995
guided,1,1995
guiding,1,1995
gum,1,1995
gun,1,1995
guns,1,1995
gus,1,1995
gwens,1,1995
habitat,1,1995
habits,1,1995
halls,1,1995
halted,1,1995
hamstringing,1,1995
handful,1,1995
handinhand,1,1995
happen,1,1995
happened,1,1995
harassment,1,1995
hardware,1,1995
hardwon,1,1995
harm,1,1995
harmony,1,1995
harness,1,1995
harold,1,1995
harvard,1,1995
havb,1,1995
hazama,1,1995
headline,1,1995
heads,1,1995
hearing,1,1995
heartlung,1,1995
hearts,1,1995
hebert,1,1995
helpful,1,1995
hemorrhaging,1,1995
herb,1,1995
heremr,1,1995
herrick,1,1995
highbenefit,1,1995
highgrowth,1,1995
highlight,1,1995
highlights,1,1995
highly,1,1995
highpay,1,1995
highperformance,1,1995
highskills,1,1995
hightech,1,1995
highways,1,1995
hindered,1,1995
hinges,1,1995
hispanics,1,1995
historic,1,1995
historically,1,1995
hit,1,1995
hits,1,1995
hockey,1,1995
holds,1,1995
hole,1,1995
homeless,1,1995
homeowner,1,1995
homeowners,1,1995
homicide,1,1995
hone,1,1995
hong,1,1995
honored,1,1995
hook,1,1995
hopelessness,1,1995
horror,1,1995
hospitals,1,1995
hostage,1,1995
hot,1,1995
hour,1,1995
households,1,1995
hub,1,1995
huge,1,1995
hunt,1,1995
hunting,1,1995
huts,1,1995
ideal,1,1995
iii,1,1995
ill,1,1995
illiteracy,1,1995
illustrates,1,1995
images,1,1995
immunizations,1,1995
implement,1,1995
import,1,1995
importing,1,1995
impressive,1,1995
improvements,1,1995
improves,1,1995
inaugural,1,1995
incarceration,1,1995
incentive,1,1995
inch,1,1995
incidence,1,1995
incidentally,1,1995
incomes,1,1995
incorporated,1,1995
indefensible,1,1995
independent,1,1995
indian,1,1995
indicator,1,1995
individualized,1,1995
induced,1,1995
ineffective,1,1995
inertia,1,1995
inexcusably,1,1995
infancy,1,1995
inflexible,1,1995
inform,1,1995
infractions,1,1995
infrastructure,1,1995
ingredient,1,1995
ingredients,1,1995
inherent,1,1995
inheritedmadam,1,1995
inject,1,1995
injured,1,1995
injustice,1,1995
innocents,1,1995
innovate,1,1995
innovation,1,1995
input,1,1995
inputs,1,1995
inseparable,1,1995
inside,1,1995
insisted,1,1995
inspired,1,1995
inspiring,1,1995
instilled,1,1995
institute,1,1995
instituted,1,1995
instituting,1,1995
institution,1,1995
integrating,1,1995
integration,1,1995
intelligent,1,1995
intemational,1,1995
intended,1,1995
intendto,1,1995
intense,1,1995
intent,1,1995
intentions,1,1995
interdependent,1,1995
interpreter,1,1995
interstate,1,1995
intervention,1,1995
invented,1,1995
inventors,1,1995
inventory,1,1995
invested,1,1995
ira,1,1995
irresistible,1,1995
irv,1,1995
isnt,1,1995
isolate,1,1995
issued,1,1995
jail,1,1995
james,1,1995
jamieson,1,1995
japan,1,1995
jeopardizing,1,1995
jeopardy,1,1995
jesse,1,1995
jima,1,1995
joan,1,1995
joanne,1,1995
jobless,1,1995
joblessness,1,1995
joe,1,1995
john,1,1995
joined,1,1995
joint,1,1995
judges,1,1995
judicial,1,1995
judiciary,1,1995
judith,1,1995
july,1,1995
jump,1,1995
jurisdictions,1,1995
justices,1,1995
justify,1,1995
kansas,1,1995
karl,1,1995
kathryn,1,1995
katun,1,1995
kay,1,1995
keeping,1,1995
ken,1,1995
kenyonwanamingo,1,1995
kid,1,1995
king,1,1995
kings,1,1995
knew,1,1995
lab,1,1995
labeling,1,1995
laboratories,1,1995
labors,1,1995
labs,1,1995
lacked,1,1995
ladder,1,1995
laid,1,1995
lake,1,1995
lamenting,1,1995
lancaster,1,1995
landed,1,1995
language,1,1995
laptop,1,1995
larceny,1,1995
late,1,1995
lately,1,1995
latest,1,1995
launch,1,1995
lawmaker,1,1995
lawmakers,1,1995
lawsuits,1,1995
layers,1,1995
laying,1,1995
layoffs,1,1995
learners,1,1995
leaving,1,1995
leg,1,1995
legal,1,1995
lend,1,1995
lengthened,1,1995
lessen,1,1995
lesson,1,1995
leveling,1,1995
liabilities,1,1995
liberties,1,1995
lifestyles,1,1995
lifted,1,1995
lifting,1,1995
lifts,1,1995
linda,1,1995
lined,1,1995
lineitem,1,1995
lines,1,1995
linkage,1,1995
linkages,1,1995
listened,1,1995
literacy,1,1995
literate,1,1995
litigation,1,1995
livers,1,1995
lobbies,1,1995
locally,1,1995
locate,1,1995
logged,1,1995
logic,1,1995
logical,1,1995
longrange,1,1995
longstanding,1,1995
loose,1,1995
loosen,1,1995
loser,1,1995
louis,1,1995
lovable,1,1995
loves,1,1995
lowincome,1,1995
lowpaying,1,1995
luckily,1,1995
lulled,1,1995
luring,1,1995
luther,1,1995
lwo,1,1995
machine,1,1995
magnet,1,1995
magnificent,1,1995
magnitude,1,1995
mail,1,1995
majestic,1,1995
managed,1,1995
manager,1,1995
managers,1,1995
managing,1,1995
mandatory,1,1995
manufactures,1,1995
maplewood,1,1995
marched,1,1995
marcus,1,1995
marginal,1,1995
married,1,1995
marrow,1,1995
marsh,1,1995
marshalls,1,1995
martin,1,1995
marys,1,1995
master,1,1995
mastered,1,1995
matching,1,1995
mate,1,1995
material,1,1995
materials,1,1995
maximize,1,1995
meal,1,1995
meaning,1,1995
meaningless,1,1995
measurable,1,1995
measuring,1,1995
mechanics,1,1995
mechanism,1,1995
mechanisms,1,1995
media,1,1995
median,1,1995
medicine,1,1995
mediocrity,1,1995
medtronics,1,1995
meetings,1,1995
memory,1,1995
mental,1,1995
mention,1,1995
mentioned,1,1995
mentor,1,1995
merge,1,1995
merriam,1,1995
messages,1,1995
metro,1,1995
metrodome,1,1995
metropolitan,1,1995
mexico,1,1995
michael,1,1995
micromanagement,1,1995
micromanaging,1,1995
midst,1,1995
midwestern,1,1995
migrate,1,1995
miles,1,1995
milestones,1,1995
milliondollar,1,1995
mind,1,1995
mined,1,1995
minimize,1,1995
ministers,1,1995
minor,1,1995
mirror,1,1995
misbehavior,1,1995
missing,1,1995
missionary,1,1995
missions,1,1995
missouri,1,1995
mistake,1,1995
misuse,1,1995
mixed,1,1995
mncare,1,1995
models,1,1995
moderate,1,1995
moderateincome,1,1995
modest,1,1995
moines,1,1995
monthly,1,1995
monument,1,1995
moral,1,1995
morrie,1,1995
mortar,1,1995
mothers,1,1995
motivated,1,1995
motorists,1,1995
motto,1,1995
mounting,1,1995
mud,1,1995
multibillion,1,1995
multifront,1,1995
multimillion,1,1995
multiple,1,1995
municipalities,1,1995
murdered,1,1995
murders,1,1995
naive,1,1995
name,1,1995
named,1,1995
names,1,1995
native,1,1995
neal,1,1995
nebraska,1,1995
necessities,1,1995
necessity,1,1995
negotiate,1,1995
neighboring,1,1995
neutral,1,1995
newer,1,1995
newsbad,1,1995
nightclub,1,1995
nightmare,1,1995
ninety,1,1995
ninth,1,1995
nobel,1,1995
nonagricultural,1,1995
noncollege,1,1995
nonprofits,1,1995
normal,1,1995
northeastern,1,1995
northland,1,1995
noted,1,1995
notion,1,1995
novel,1,1995
november,1,1995
nude,1,1995
nurturing,1,1995
nutritious,1,1995
objections,1,1995
obstacle,1,1995
obtain,1,1995
occupations,1,1995
occurs,1,1995
odds,1,1995
offices,1,1995
okinawa,1,1995
oldest,1,1995
onefourth,1,1995
onehouse,1,1995
oneparent,1,1995
onethird,1,1995
ongoing,1,1995
opened,1,1995
operate,1,1995
operating,1,1995
operations,1,1995
opportunistic,1,1995
opt,1,1995
optic,1,1995
option,1,1995
ore,1,1995
organization,1,1995
organize,1,1995
osmosis,1,1995
otremba,1,1995
outdated,1,1995
outofwedlock,1,1995
outpace,1,1995
outpouring,1,1995
outset,1,1995
outstate,1,1995
overburdened,1,1995
overcoming,1,1995
overhaul,1,1995
oversight,1,1995
overtime,1,1995
overwhelm,1,1995
overzealousness,1,1995
owning,1,1995
page,1,1995
paid,1,1995
painful,1,1995
painless,1,1995
paint,1,1995
palace,1,1995
pancake,1,1995
parenting,1,1995
parentteacher,1,1995
particular,1,1995
parties,1,1995
partnering,1,1995
partners,1,1995
parts,1,1995
passes,1,1995
passing,1,1995
pastimes,1,1995
patients,1,1995
patterned,1,1995
paycheck,1,1995
paychecks,1,1995
payequity,1,1995
payer,1,1995
paying,1,1995
pays,1,1995
peddling,1,1995
peer,1,1995
peers,1,1995
peirce,1,1995
pen,1,1995
penalizes,1,1995
penalizing,1,1995
pension,1,1995
performing,1,1995
peripheral,1,1995
permanent,1,1995
permeated,1,1995
persevered,1,1995
persons,1,1995
phil,1,1995
philanthropies,1,1995
phonegate,1,1995
photos,1,1995
phrase,1,1995
physically,1,1995
piece,1,1995
pieces,1,1995
piling,1,1995
pillars,1,1995
pioneer,1,1995
pioneers,1,1995
pipeline,1,1995
pit,1,1995
pits,1,1995
placed,1,1995
placing,1,1995
plain,1,1995
planned,1,1995
plans,1,1995
plastered,1,1995
play,1,1995
playa,1,1995
played,1,1995
player,1,1995
playgrounds,1,1995
plead,1,1995
please,1,1995
pledged,1,1995
plus,1,1995
plymouth,1,1995
pocketbooks,1,1995
politically,1,1995
politician,1,1995
politicians,1,1995
pollute,1,1995
pools,1,1995
poor,1,1995
poorly,1,1995
positions,1,1995
possess,1,1995
possession,1,1995
possible,1,1995
possibly,1,1995
postponement,1,1995
posture,1,1995
posturing,1,1995
potato,1,1995
pouring,1,1995
powerhouse,1,1995
practicing,1,1995
prayers,1,1995
precious,1,1995
precision,1,1995
predict,1,1995
pregnancies,1,1995
preliminary,1,1995
premium,1,1995
prepares,1,1995
presence,1,1995
presented,1,1995
preserving,1,1995
presidents,1,1995
pressure,1,1995
pressuring,1,1995
prestigious,1,1995
pretended,1,1995
pretending,1,1995
pretty,1,1995
prevailed,1,1995
preventable,1,1995
preventing,1,1995
primarily,1,1995
primary,1,1995
prime,1,1995
printer,1,1995
prisoner,1,1995
pristine,1,1995
privacy,1,1995
privatepublic,1,1995
privileged,1,1995
prizes,1,1995
probes,1,1995
procedure,1,1995
proceed,1,1995
processing,1,1995
procuring,1,1995
produced,1,1995
producing,1,1995
productivity,1,1995
profession,1,1995
professional,1,1995
professionals,1,1995
profits,1,1995
programmers,1,1995
projobs,1,1995
promises,1,1995
promising,1,1995
promoting,1,1995
promotion,1,1995
prone,1,1995
prop,1,1995
propels,1,1995
proposalhas,1,1995
proposes,1,1995
proposition,1,1995
prosecutors,1,1995
prospered,1,1995
prosperous,1,1995
protected,1,1995
protest,1,1995
proudly,1,1995
prove,1,1995
proverb,1,1995
providers,1,1995
provisions,1,1995
publication,1,1995
publicly,1,1995
publishing,1,1995
pulitizers,1,1995
pulls,1,1995
pump,1,1995
punitive,1,1995
pupil,1,1995
purchase,1,1995
pure,1,1995
purpose,1,1995
pursuing,1,1995
quadrupled,1,1995
question,1,1995
questions,1,1995
quibble,1,1995
quick,1,1995
quit,1,1995
quite,1,1995
quote,1,1995
racial,1,1995
raised,1,1995
ramsey,1,1995
ran,1,1995
rancor,1,1995
random,1,1995
ranks,1,1995
rapids,1,1995
ratings,1,1995
ratio,1,1995
rats,1,1995
reached,1,1995
reaffirmed,1,1995
realistically,1,1995
realization,1,1995
realized,1,1995
rearing,1,1995
reasonable,1,1995
rebate,1,1995
rebuilding,1,1995
recapture,1,1995
received,1,1995
receiving,1,1995
recessions,1,1995
recipients,1,1995
reclaimed,1,1995
recognizes,1,1995
recognizing,1,1995
recommendation,1,1995
recommended,1,1995
recommending,1,1995
reconstructed,1,1995
recordkeeping,1,1995
records,1,1995
recovered,1,1995
recovery,1,1995
recruit,1,1995
recruiting,1,1995
recycle,1,1995
redefine,1,1995
redevelopment,1,1995
reduces,1,1995
reduction,1,1995
reestablish,1,1995
refer,1,1995
referendum,1,1995
regardless,1,1995
regenerate,1,1995
regenerex,1,1995
regional,1,1995
regions,1,1995
regret,1,1995
regularly,1,1995
regulation,1,1995
regulator,1,1995
rehired,1,1995
reimbursements,1,1995
reinforce,1,1995
reinvent,1,1995
reinventing,1,1995
reinvest,1,1995
rejected,1,1995
rejecting,1,1995
relate,1,1995
relates,1,1995
relating,1,1995
relationships,1,1995
releasing,1,1995
reliable,1,1995
reliance,1,1995
relied,1,1995
relish,1,1995
reluctant,1,1995
remainder,1,1995
remains,1,1995
remarkable,1,1995
remedial,1,1995
remedies,1,1995
remembered,1,1995
reminder,1,1995
remodeling,1,1995
remorse,1,1995
removal,1,1995
renegades,1,1995
renew,1,1995
renewed,1,1995
renewing,1,1995
renier,1,1995
renovation,1,1995
rent,1,1995
repaid,1,1995
repeatedly,1,1995
replacement,1,1995
reported,1,1995
repository,1,1995
represent,1,1995
required,1,1995
requirements,1,1995
researchers,1,1995
reserved,1,1995
residents,1,1995
resists,1,1995
resolution,1,1995
resonated,1,1995
resort,1,1995
resorted,1,1995
resounding,1,1995
respond,1,1995
responding,1,1995
response,1,1995
restaurants,1,1995
resting,1,1995
restitution,1,1995
restoring,1,1995
restrict,1,1995
restrictions,1,1995
restructuring,1,1995
retail,1,1995
retardation,1,1995
retire,1,1995
reverence,1,1995
review,1,1995
revise,1,1995
revision,1,1995
ribbon,1,1995
richard,1,1995
richly,1,1995
richness,1,1995
rid,1,1995
ride,1,1995
rights,1,1995
ring,1,1995
rink,1,1995
ripley,1,1995
risen,1,1995
robert,1,1995
roles,1,1995
rolvaag,1,1995
roosevelt,1,1995
root,1,1995
rooted,1,1995
roots,1,1995
roseau,1,1995
route,1,1995
routine,1,1995
rugged,1,1995
rules,1,1995
rut,1,1995
sacrifice,1,1995
sacrificed,1,1995
sad,1,1995
sadness,1,1995
saint,1,1995
salsburg,1,1995
salvation,1,1995
saucershaped,1,1995
saves,1,1995
saving,1,1995
saying,1,1995
scares,1,1995
scars,1,1995
scattered,1,1995
scene,1,1995
schedule,1,1995
schoolage,1,1995
schoolhouse,1,1995
schooling,1,1995
schooltowork,1,1995
sciences,1,1995
scientific,1,1995
scientists,1,1995
scored,1,1995
screening,1,1995
sculpture,1,1995
search,1,1995
secondly,1,1995
secondtime,1,1995
secret,1,1995
securing,1,1995
seem,1,1995
selected,1,1995
selfdestruct,1,1995
selfrespect,1,1995
selling,1,1995
sending,1,1995
sends,1,1995
senior,1,1995
seniority,1,1995
senser,1,1995
sensitivity,1,1995
sent,1,1995
sentenced,1,1995
sentencing,1,1995
separate,1,1995
serenity,1,1995
sessions,1,1995
setter,1,1995
seventyfour,1,1995
severely,1,1995
severity,1,1995
shake,1,1995
shaken,1,1995
shallow,1,1995
shaping,1,1995
shared,1,1995
shatter,1,1995
shelters,1,1995
sheriffs,1,1995
shifting,1,1995
shining,1,1995
shocking,1,1995
shops,1,1995
shores,1,1995
shortsighted,1,1995
shown,1,1995
shrunk,1,1995
shufflers,1,1995
shutdowns,1,1995
sick,1,1995
siege,1,1995
sight,1,1995
sights,1,1995
silent,1,1995
similar,1,1995
simoneau,1,1995
simpler,1,1995
sincere,1,1995
singapore,1,1995
singlehandedly,1,1995
singleparent,1,1995
sit,1,1995
sitebased,1,1995
sits,1,1995
sixteen,1,1995
sixty,1,1995
skating,1,1995
ski,1,1995
skiing,1,1995
skill,1,1995
slashed,1,1995
slated,1,1995
sledding,1,1995
sleeves,1,1995
slightly,1,1995
slip,1,1995
slipped,1,1995
slipping,1,1995
slow,1,1995
slowly,1,1995
smallest,1,1995
smarter,1,1995
smoking,1,1995
snakes,1,1995
snaps,1,1995
snowmobile,1,1995
snowmobiling,1,1995
soaring,1,1995
sobering,1,1995
softball,1,1995
somehow,1,1995
sought,1,1995
souls,1,1995
sounds,1,1995
southwest,1,1995
soybeans,1,1995
spawned,1,1995
speak,1,1995
speakerdesignate,1,1995
specialists,1,1995
specialty,1,1995
specifically,1,1995
specifics,1,1995
spectator,1,1995
speed,1,1995
spiraling,1,1995
spiralling,1,1995
spirited,1,1995
splendid,1,1995
splitting,1,1995
spokesperson,1,1995
sport,1,1995
sportsmen,1,1995
spots,1,1995
springboard,1,1995
springing,1,1995
squarely,1,1995
squeeze,1,1995
stability,1,1995
stadiums,1,1995
staff,1,1995
stalkers,1,1995
standing,1,1995
stands,1,1995
star,1,1995
startups,1,1995
stassen,1,1995
statebystate,1,1995
statement,1,1995
stateoftheart,1,1995
steadily,1,1995
steady,1,1995
stewards,1,1995
stiff,1,1995
stiffer,1,1995
stifled,1,1995
stock,1,1995
stopping,1,1995
storms,1,1995
strategic,1,1995
streamline,1,1995
streamlined,1,1995
streams,1,1995
stretching,1,1995
strictly,1,1995
strikes,1,1995
strongly,1,1995
struck,1,1995
structure,1,1995
structured,1,1995
structures,1,1995
struggles,1,1995
stuart,1,1995
style,1,1995
subjects,1,1995
submitting,1,1995
subsidized,1,1995
suburbs,1,1995
succeeded,1,1995
successfully,1,1995
succinctly,1,1995
suffer,1,1995
suffered,1,1995
suffering,1,1995
suffice,1,1995
sufficient,1,1995
suggests,1,1995
summary,1,1995
summons,1,1995
supervised,1,1995
supervises,1,1995
supervision,1,1995
supplier,1,1995
supporting,1,1995
surpass,1,1995
surpluses,1,1995
surrender,1,1995
surrounding,1,1995
surroundings,1,1995
surrounds,1,1995
survival,1,1995
suspect,1,1995
suspected,1,1995
suspects,1,1995
sustain,1,1995
sweeping,1,1995
swift,1,1995
swiftly,1,1995
swimming,1,1995
sympathy,1,1995
synagogues,1,1995
systematically,1,1995
tab,1,1995
takes,1,1995
tampering,1,1995
tangled,1,1995
tape,1,1995
targeting,1,1995
taxed,1,1995
taxfree,1,1995
taxspenders,1,1995
tball,1,1995
teamwork,1,1995
tech,1,1995
techniques,1,1995
technological,1,1995
teenager,1,1995
television,1,1995
telling,1,1995
tempting,1,1995
tenacity,1,1995
tendency,1,1995
termi,1,1995
terminals,1,1995
terry,1,1995
testing,1,1995
tha,1,1995
thatb,1,1995
theaters,1,1995
thefirst,1,1995
theme,1,1995
thestate,1,1995
thief,1,1995
thirty,1,1995
thompson,1,1995
thought,1,1995
thoughtful,1,1995
thoughts,1,1995
thousand,1,1995
threaten,1,1995
threetime,1,1995
threshold,1,1995
thrown,1,1995
tickle,1,1995
tidal,1,1995
tied,1,1995
tier,1,1995
ties,1,1995
tightening,1,1995
tightenup,1,1995
tim,1,1995
timberwolves,1,1995
timeframe,1,1995
title,1,1995
togo,1,1995
tolerance,1,1995
tolerated,1,1995
toning,1,1995
tonka,1,1995
touches,1,1995
tougher,1,1995
touring,1,1995
tourism,1,1995
tourists,1,1995
toussaint,1,1995
towards,1,1995
towns,1,1995
townships,1,1995
toxic,1,1995
trades,1,1995
tradition,1,1995
traditional,1,1995
traditions,1,1995
traffic,1,1995
tragic,1,1995
transferred,1,1995
transplants,1,1995
trap,1,1995
trends,1,1995
tries,1,1995
trip,1,1995
triplea,1,1995
triumph,1,1995
trooper,1,1995
troopers,1,1995
troubled,1,1995
truancy,1,1995
truant,1,1995
trudge,1,1995
truthinsentencing,1,1995
truthintaxation,1,1995
trying,1,1995
tugs,1,1995
tuition,1,1995
turbulence,1,1995
turmoil,1,1995
turnaround,1,1995
tutor,1,1995
tweaking,1,1995
twenty,1,1995
twothirds,1,1995
twotrack,1,1995
twoyear,1,1995
unaffordable,1,1995
unanimous,1,1995
uncertain,1,1995
unchecked,1,1995
uncompetitive,1,1995
unconventional,1,1995
underestimate,1,1995
undergo,1,1995
underlying,1,1995
understands,1,1995
understood,1,1995
undertake,1,1995
undertaking,1,1995
underway,1,1995
undue,1,1995
unemployed,1,1995
unethical,1,1995
uniform,1,1995
union,1,1995
units,1,1995
universally,1,1995
unlike,1,1995
unnecessary,1,1995
unpaid,1,1995
unparalleled,1,1995
unprepared,1,1995
unready,1,1995
unresolvable,1,1995
unveiled,1,1995
unwanted,1,1995
upgrade,1,1995
upgrading,1,1995
upheld,1,1995
upper,1,1995
upside,1,1995
upward,1,1995
upwards,1,1995
urgent,1,1995
userfriendly,1,1995
uss,1,1995
valuable,1,1995
vellenga,1,1995
ventura,1,1995
vermont,1,1995
versa,1,1995
vested,1,1995
veteran,1,1995
veto,1,1995
vetoed,1,1995
vibrate,1,1995
vicious,1,1995
vickerman,1,1995
viewed,1,1995
views,1,1995
vigor,1,1995
vigorously,1,1995
viking,1,1995
vikings,1,1995
village,1,1995
vin,1,1995
violation,1,1995
violations,1,1995
visibility,1,1995
visible,1,1995
visionary,1,1995
visited,1,1995
visiting,1,1995
visual,1,1995
volume,1,1995
volunteering,1,1995
voting,1,1995
wade,1,1995
wait,1,1995
waits,1,1995
waived,1,1995
walks,1,1995
wallen,1,1995
walter,1,1995
warehouses,1,1995
warmth,1,1995
warrants,1,1995
wars,1,1995
watched,1,1995
wave,1,1995
waving,1,1995
weak,1,1995
wealthy,1,1995
weathered,1,1995
web,1,1995
weber,1,1995
wedding,1,1995
wedlock,1,1995
weeks,1,1995
weishou,1,1995
wellpaying,1,1995
wellprepared,1,1995
wellserved,1,1995
west,1,1995
whats,1,1995
wheelchair,1,1995
wheelchairs,1,1995
whenever,1,1995
whoever,1,1995
wholeheartedly,1,1995
wholesale,1,1995
whopping,1,1995
widely,1,1995
widen,1,1995
widening,1,1995
wider,1,1995
widespread,1,1995
wilderness,1,1995
willand,1,1995
willingly,1,1995
windows,1,1995
winners,1,1995
winona,1,1995
wipe,1,1995
wise,1,1995
wisely,1,1995
withjobs,1,1995
witness,1,1995
witnessing,1,1995
wlfare,1,1995
womb,1,1995
wondered,1,1995
wondering,1,1995
wonderland,1,1995
word,1,1995
workbased,1,1995
workplace,1,1995
workplaces,1,1995
worldmy,1,1995
worldrenowned,1,1995
worlds,1,1995
worldwide,1,1995
worsen,1,1995
worst,1,1995
worth,1,1995
writes,1,1995
wrong,1,1995
yards,1,1995
yearround,1,1995
yesi,1,1995
yesterday,1,1995
ymcas,1,1995
younger,1,1995
youngest,1,1995
youngsters,1,1995
youre,1,1995
zealand,1,1995
zeos,1,1995
zero,1,1995
zoo,1,1995
