pawlentywords,pawlentycount,pawlentyrank
minnesota,291,1
will,207,2
need,190,3
state,156,4
also,120,5
can,84,6
education,79,7
government,79,7
health,79,7
school,79,7
one,76,11
make,74,12
new,74,12
jobs,69,14
people,68,15
budget,66,16
great,65,17
get,62,18
lets,62,18
students,62,18
future,61,21
good,58,22
care,57,23
help,57,23
just,57,23
minnesotans,57,23
minnesotas,57,23
time,57,23
years,57,23
today,56,30
now,55,31
system,55,31
way,55,31
funding,53,34
many,53,34
weve,53,34
better,52,37
schools,51,38
tax,51,38
well,50,40
first,48,41
year,48,41
work,47,43
even,46,44
high,46,44
job,46,44
world,46,44
know,44,48
economy,42,49
energy,42,49
quality,42,49
every,41,52
important,41,52
families,40,54
life,40,54
best,39,56
like,38,57
children,37,58
military,37,58
much,37,58
needs,37,58
next,37,58
dont,36,63
percent,36,63
states,36,63
teachers,36,63
improve,35,67
pay,35,67
take,35,67
taxes,35,67
thats,35,67
going,34,72
made,34,72
must,34,72
last,31,75
spending,31,75
two,31,75
big,30,78
costs,29,79
legislature,29,79
things,29,79
together,29,79
want,29,79
college,28,84
performance,28,84
theyre,28,84
business,27,87
challenges,27,87
country,27,87
pass,27,87
programs,27,87
proposal,27,87
public,27,87
reform,27,87
support,27,87
cant,26,96
current,26,96
spirit,26,96
continue,25,99
day,25,99
give,25,99
million,25,99
money,25,99
student,25,99
ago,24,105
back,24,105
change,24,105
create,24,105
growth,24,105
ive,24,105
progress,24,105
come,23,112
face,23,112
family,23,112
may,23,112
members,23,112
parents,23,112
place,23,112
provide,23,112
serve,23,112
citizens,22,121
economic,22,121
efforts,22,121
right,22,121
said,22,121
teacher,22,121
use,22,121
access,21,128
governor,21,128
grow,21,128
history,21,128
keep,21,128
nation,21,128
national,21,128
part,21,128
plan,21,128
program,21,128
service,21,128
times,21,128
crisis,20,140
higher,20,140
insurance,20,140
let,20,140
look,20,140
thank,20,140
war,20,140
districts,19,147
hope,19,147
kids,19,147
lead,19,147
renewable,19,147
resources,19,147
thing,19,147
become,18,154
bill,18,154
cost,18,154
deficit,18,154
focus,18,154
making,18,154
say,18,154
sure,18,154
top,18,154
across,17,163
ask,17,163
four,17,163
global,17,163
god,17,163
learning,17,163
proposing,17,163
results,17,163
small,17,163
standards,17,163
without,17,163
working,17,163
area,16,175
common,16,175
different,16,175
dollars,16,175
done,16,175
forward,16,175
hard,16,175
increase,16,175
live,16,175
long,16,175
medical,16,175
men,16,175
move,16,175
others,16,175
sacrifice,16,175
spend,16,175
table,16,175
three,16,175
training,16,175
urge,16,175
ways,16,175
another,15,196
approach,15,196
building,15,196
businesses,15,196
enough,15,196
growing,15,196
guard,15,196
join,15,196
providers,15,196
require,15,196
safety,15,196
accountability,14,207
act,14,207
asking,14,207
available,14,207
call,14,207
control,14,207
example,14,207
find,14,207
healthcare,14,207
highest,14,207
historic,14,207
improving,14,207
largest,14,207
leadership,14,207
love,14,207
near,14,207
opportunity,14,207
problem,14,207
raise,14,207
real,14,207
rochester,14,207
session,14,207
something,14,207
start,14,207
strong,14,207
veterans,14,207
week,14,207
women,14,207
almost,13,235
always,13,235
america,13,235
around,13,235
beyond,13,235
bless,13,235
companies,13,235
courage,13,235
environment,13,235
fund,13,235
got,13,235
greater,13,235
home,13,235
investment,13,235
issue,13,235
less,13,235
means,13,235
natural,13,235
past,13,235
paying,13,235
please,13,235
proposed,13,235
put,13,235
soon,13,235
technology,13,235
ten,13,235
theres,13,235
university,13,235
water,13,235
within,13,235
ability,12,265
additional,12,265
bring,12,265
challenge,12,265
credit,12,265
five,12,265
general,12,265
level,12,265
mark,12,265
math,12,265
number,12,265
online,12,265
point,12,265
priorities,12,265
propose,12,265
sector,12,265
sense,12,265
teaching,12,265
behind,11,283
bonding,11,283
clear,11,283
coming,11,283
commitment,11,283
course,11,283
deal,11,283
depends,11,283
dollar,11,283
effort,11,283
encourage,11,283
however,11,283
incentives,11,283
increases,11,283
initiative,11,283
iraq,11,283
key,11,283
lives,11,283
lost,11,283
lot,11,283
needed,11,283
open,11,283
per,11,283
price,11,283
private,11,283
prosperity,11,283
rate,11,283
rather,11,283
room,11,283
sergeant,11,283
soldiers,11,283
strategic,11,283
success,11,283
think,11,283
words,11,283
allow,10,318
answer,10,318
choice,10,318
competitive,10,318
consumers,10,318
creating,10,318
dramatically,10,318
grateful,10,318
heard,10,318
ideas,10,318
including,10,318
innovation,10,318
kitchen,10,318
large,10,318
leaders,10,318
local,10,318
main,10,318
nations,10,318
nearly,10,318
opportunities,10,318
possible,10,318
power,10,318
proud,10,318
rigorous,10,318
safe,10,318
saint,10,318
save,10,318
science,10,318
second,10,318
seen,10,318
started,10,318
step,10,318
story,10,318
tell,10,318
towards,10,318
transportation,10,318
works,10,318
already,9,355
amount,9,355
billion,9,355
center,9,355
city,9,355
classroom,9,355
company,9,355
compete,9,355
currently,9,355
department,9,355
ethanol,9,355
ever,9,355
force,9,355
jobz,9,355
land,9,355
later,9,355
leader,9,355
lighthouse,9,355
major,9,355
man,9,355
market,9,355
minneapolis,9,355
never,9,355
news,9,355
outdoors,9,355
president,9,355
protect,9,355
receive,9,355
reduce,9,355
see,9,355
special,9,355
steps,9,355
still,9,355
town,9,355
try,9,355
understand,9,355
unit,9,355
weeks,9,355
able,8,393
accountable,8,393
achieve,8,393
actually,8,393
addition,8,393
address,8,393
beautiful,8,393
build,8,393
built,8,393
buy,8,393
conservation,8,393
days,8,393
duty,8,393
effective,8,393
everybody,8,393
fair,8,393
farmers,8,393
financial,8,393
fix,8,393
formula,8,393
freedom,8,393
full,8,393
gallery,8,393
generation,8,393
greatest,8,393
include,8,393
innovative,8,393
line,8,393
little,8,393
malmberg,8,393
mayo,8,393
measures,8,393
months,8,393
order,8,393
places,8,393
population,8,393
prepare,8,393
priority,8,393
process,8,393
property,8,393
ready,8,393
really,8,393
recently,8,393
research,8,393
role,8,393
saw,8,393
senator,8,393
services,8,393
set,8,393
shes,8,393
shouldnt,8,393
show,8,393
solve,8,393
strength,8,393
successful,8,393
thanking,8,393
wont,8,393
young,8,393
add,7,451
ahead,7,451
along,7,451
announced,7,451
average,7,451
away,7,451
begin,7,451
bold,7,451
called,7,451
carlson,7,451
changes,7,451
changing,7,451
circumstances,7,451
clean,7,451
climate,7,451
clinic,7,451
close,7,451
colleges,7,451
comp,7,451
county,7,451
couple,7,451
courses,7,451
cut,7,451
decades,7,451
demand,7,451
develop,7,451
district,7,451
employees,7,451
expanding,7,451
expect,7,451
faced,7,451
friends,7,451
front,7,451
goal,7,451
goes,7,451
grade,7,451
hardworking,7,451
hear,7,451
heres,7,451
honor,7,451
ill,7,451
investments,7,451
john,7,451
keeping,7,451
lake,7,451
law,7,451
learn,7,451
least,7,451
left,7,451
mean,7,451
moving,7,451
offer,7,451
office,7,451
often,7,451
paul,7,451
plans,7,451
purchase,7,451
purchasing,7,451
question,7,451
reforms,7,451
remember,7,451
required,7,451
roads,7,451
rural,7,451
sacrifices,7,451
serving,7,451
share,7,451
short,7,451
significant,7,451
south,7,451
staff,7,451
succeed,7,451
talk,7,451
taxpayers,7,451
thanks,7,451
true,7,451
trust,7,451
united,7,451
value,7,451
walk,7,451
whether,7,451
worlds,7,451
academic,6,533
action,6,533
administration,6,533
afford,6,533
affordable,6,533
agriculture,6,533
alternative,6,533
amazing,6,533
announcing,6,533
anymore,6,533
areas,6,533
asked,6,533
burden,6,533
capital,6,533
capitol,6,533
career,6,533
cars,6,533
challenged,6,533
chance,6,533
changed,6,533
character,6,533
charge,6,533
child,6,533
comes,6,533
community,6,533
complete,6,533
core,6,533
counties,6,533
created,6,533
creators,6,533
crime,6,533
dad,6,533
decade,6,533
democrats,6,533
development,6,533
didnt,6,533
doesnt,6,533
dream,6,533
drivers,6,533
early,6,533
educators,6,533
eliminate,6,533
especially,6,533
facing,6,533
finally,6,533
focused,6,533
fuel,6,533
gas,6,533
gets,6,533
governors,6,533
helping,6,533
heroes,6,533
house,6,533
huge,6,533
ice,6,533
importance,6,533
improved,6,533
industries,6,533
institutions,6,533
interests,6,533
isnt,6,533
joined,6,533
kind,6,533
leading,6,533
legislation,6,533
legislators,6,533
limited,6,533
lincoln,6,533
longer,6,533
maintain,6,533
matter,6,533
meet,6,533
might,6,533
model,6,533
nationleading,6,533
nothing,6,533
package,6,533
partnership,6,533
passed,6,533
passing,6,533
phones,6,533
plant,6,533
political,6,533
powerful,6,533
procedures,6,533
projects,6,533
proposals,6,533
provided,6,533
raising,6,533
rates,6,533
reforming,6,533
remarkable,6,533
run,6,533
sauver,6,533
scores,6,533
security,6,533
since,6,533
smart,6,533
source,6,533
spent,6,533
stand,6,533
stay,6,533
taken,6,533
taking,6,533
terrorism,6,533
using,6,533
whole,6,533
wonderful,6,533
yet,6,533
zones,6,533
accomplish,5,643
agree,5,643
air,5,643
amendment,5,643
american,5,643
appreciation,5,643
became,5,643
bills,5,643
bipartisan,5,643
brave,5,643
came,5,643
challenging,5,643
cloud,5,643
committed,5,643
comprehensive,5,643
constitutional,5,643
contain,5,643
credits,5,643
curriculum,5,643
cuts,5,643
dairy,5,643
debate,5,643
dedicate,5,643
deliver,5,643
demands,5,643
designed,5,643
direction,5,643
disadvantaged,5,643
doubled,5,643
dramatic,5,643
educating,5,643
efficient,5,643
end,5,643
everyone,5,643
excellence,5,643
excited,5,643
expand,5,643
explore,5,643
factor,5,643
fall,5,643
far,5,643
fast,5,643
faster,5,643
federal,5,643
feel,5,643
finance,5,643
food,5,643
forces,5,643
forecast,5,643
foundation,5,643
free,5,643
gains,5,643
game,5,643
generations,5,643
gives,5,643
governments,5,643
graduation,5,643
green,5,643
hes,5,643
homes,5,643
hopeful,5,643
hypercompetitive,5,643
implement,5,643
importantly,5,643
income,5,643
industry,5,643
innovators,5,643
invest,5,643
issues,5,643
kennedy,5,643
lack,5,643
lady,5,643
leave,5,643
leaving,5,643
led,5,643
longterm,5,643
looking,5,643
lots,5,643
lower,5,643
marketplace,5,643
matters,5,643
medicines,5,643
met,5,643
miles,5,643
mining,5,643
minnesotan,5,643
mission,5,643
modern,5,643
mom,5,643
owe,5,643
paid,5,643
paper,5,643
parties,5,643
partners,5,643
pays,5,643
perhaps,5,643
politicians,5,643
politics,5,643
prepared,5,643
profession,5,643
quickly,5,643
reality,5,643
report,5,643
representative,5,643
responsibility,5,643
responsible,5,643
result,5,643
river,5,643
says,5,643
served,5,643
several,5,643
showing,5,643
simply,5,643
slow,5,643
street,5,643
test,5,643
though,5,643
told,5,643
tough,5,643
toward,5,643
traditional,5,643
tremendous,5,643
trouble,5,643
tuition,5,643
uniform,5,643
union,5,643
unions,5,643
unless,5,643
upon,5,643
vision,5,643
went,5,643
whats,5,643
winona,5,643
worse,5,643
advantage,4,777
age,4,777
aggressively,4,777
agreement,4,777
anywhere,4,777
appreciate,4,777
approaches,4,777
approve,4,777
arent,4,777
aside,4,777
assistance,4,777
authority,4,777
awesome,4,777
bad,4,777
basic,4,777
battle,4,777
begins,4,777
behalf,4,777
benefits,4,777
biggest,4,777
bridge,4,777
bridges,4,777
budgets,4,777
burdens,4,777
buying,4,777
calling,4,777
camp,4,777
carry,4,777
cell,4,777
century,4,777
certain,4,777
certainly,4,777
charter,4,777
childhood,4,777
childrens,4,777
chronic,4,777
class,4,777
code,4,777
commission,4,777
communities,4,777
competitor,4,777
constitution,4,777
construction,4,777
corn,4,777
creative,4,777
dads,4,777
dave,4,777
decisions,4,777
dedication,4,777
deeply,4,777
deployed,4,777
devices,4,777
direct,4,777
double,4,777
east,4,777
economies,4,777
edge,4,777
electronic,4,777
employers,4,777
encouraging,4,777
engaged,4,777
ensure,4,777
entire,4,777
environmental,4,777
evaluation,4,777
everything,4,777
exactly,4,777
exchange,4,777
exemption,4,777
expected,4,777
experience,4,777
fight,4,777
fishing,4,777
focusing,4,777
folks,4,777
foreign,4,777
form,4,777
fuels,4,777
gaming,4,777
gave,4,777
given,4,777
giving,4,777
goals,4,777
graduate,4,777
gratitude,4,777
helped,4,777
hold,4,777
human,4,777
idea,4,777
impact,4,777
incentive,4,777
includes,4,777
increased,4,777
information,4,777
initiatives,4,777
innovate,4,777
instead,4,777
instruction,4,777
internet,4,777
knew,4,777
known,4,777
labor,4,777
lakes,4,777
language,4,777
layoffs,4,777
leads,4,777
levels,4,777
leverage,4,777
livestock,4,777
loss,4,777
majority,4,777
makes,4,777
mammoth,4,777
meaningful,4,777
measure,4,777
measurements,4,777
member,4,777
message,4,777
minnesotacare,4,777
minutes,4,777
modernize,4,777
moment,4,777
moms,4,777
north,4,777
northstar,4,777
offenders,4,777
old,4,777
options,4,777
particularly,4,777
passion,4,777
path,4,777
paychecks,4,777
performing,4,777
plants,4,777
play,4,777
pleased,4,777
policy,4,777
poor,4,777
position,4,777
prescription,4,777
pretty,4,777
problems,4,777
project,4,777
provides,4,777
putting,4,777
range,4,777
reach,4,777
reason,4,777
reasonable,4,777
recognizing,4,777
red,4,777
reduced,4,777
reduction,4,777
reflect,4,777
regulations,4,777
released,4,777
relief,4,777
republicans,4,777
requirements,4,777
revenue,4,777
revenues,4,777
risk,4,777
sales,4,777
savings,4,777
send,4,777
sign,4,777
single,4,777
six,4,777
skills,4,777
social,4,777
sometimes,4,777
son,4,777
speak,4,777
speech,4,777
speed,4,777
starts,4,777
statewide,4,777
status,4,777
structure,4,777
study,4,777
summer,4,777
tables,4,777
takes,4,777
talent,4,777
talented,4,777
task,4,777
taxpayer,4,777
teach,4,777
tenure,4,777
theyll,4,777
third,4,777
thought,4,777
threat,4,777
took,4,777
tool,4,777
transform,4,777
truth,4,777
ultimate,4,777
uncommon,4,777
uninsured,4,777
universities,4,777
used,4,777
values,4,777
victims,4,777
video,4,777
vote,4,777
wait,4,777
washington,4,777
whatever,4,777
whose,4,777
win,4,777
wind,4,777
wisconsin,4,777
worked,4,777
workers,4,777
workforce,4,777
worldleading,4,777
worth,4,777
youll,4,777
academies,3,996
accomplished,3,996
accounts,3,996
achievement,3,996
achieving,3,996
actions,3,996
adding,3,996
adopt,3,996
adults,3,996
advance,3,996
afraid,3,996
agenda,3,996
aggressive,3,996
alive,3,996
alone,3,996
americas,3,996
annual,3,996
anytime,3,996
appears,3,996
apply,3,996
attract,3,996
backgrounds,3,996
badly,3,996
balance,3,996
ball,3,996
began,3,996
believe,3,996
benefit,3,996
biennium,3,996
biofuels,3,996
bioscience,3,996
blessings,3,996
board,3,996
boldly,3,996
books,3,996
bottom,3,996
brightest,3,996
broken,3,996
canada,3,996
cap,3,996
car,3,996
cards,3,996
caring,3,996
chaplain,3,996
chart,3,996
choices,3,996
choose,3,996
citizenship,3,996
civil,3,996
classes,3,996
clearly,3,996
cold,3,996
command,3,996
commissioner,3,996
communicate,3,996
commuter,3,996
concerns,3,996
conditions,3,996
confidence,3,996
containment,3,996
corporate,3,996
costing,3,996
coverage,3,996
creation,3,996
creek,3,996
critical,3,996
culture,3,996
cycle,3,996
dan,3,996
deb,3,996
deficits,3,996
deserve,3,996
design,3,996
determining,3,996
developed,3,996
developing,3,996
differently,3,996
difficult,3,996
directing,3,996
disabled,3,996
discussion,3,996
distinguished,3,996
doctors,3,996
durenberger,3,996
earn,3,996
easier,3,996
economically,3,996
embrace,3,996
emergency,3,996
emissions,3,996
employment,3,996
enact,3,996
enacting,3,996
engines,3,996
enhanced,3,996
entity,3,996
entrepreneurial,3,996
equipment,3,996
era,3,996
evaluate,3,996
exam,3,996
examples,3,996
existing,3,996
expectations,3,996
expensive,3,996
extraordinary,3,996
eye,3,996
eyes,3,996
fact,3,996
faith,3,996
farm,3,996
fear,3,996
fifteen,3,996
figure,3,996
filled,3,996
final,3,996
fossil,3,996
freeze,3,996
functions,3,996
gaulke,3,996
genomics,3,996
getting,3,996
globally,3,996
gone,3,996
goodness,3,996
goods,3,996
governing,3,996
group,3,996
guide,3,996
guy,3,996
hand,3,996
happen,3,996
happened,3,996
happening,3,996
harder,3,996
healthy,3,996
heart,3,996
herbs,3,996
heritage,3,996
hit,3,996
hockey,3,996
hole,3,996
hot,3,996
hours,3,996
hundred,3,996
immediate,3,996
implemented,3,996
improvement,3,996
increasing,3,996
incredible,3,996
infusion,3,996
institution,3,996
interested,3,996
international,3,996
jessica,3,996
justice,3,996
kindergarten,3,996
knowledge,3,996
laid,3,996
laws,3,996
legacy,3,996
lesson,3,996
licenses,3,996
likely,3,996
limit,3,996
lines,3,996
link,3,996
listen,3,996
living,3,996
loehr,3,996
low,3,996
lowering,3,996
machine,3,996
makers,3,996
manufacturing,3,996
marriage,3,996
mary,3,996
maybe,3,996
meantime,3,996
measured,3,996
medica,3,996
meeting,3,996
middle,3,996
midst,3,996
minimum,3,996
miss,3,996
mississippi,3,996
modem,3,996
morris,3,996
name,3,996
normal,3,996
november,3,996
nursing,3,996
oil,3,996
operations,3,996
otherwise,3,996
outcomes,3,996
outstanding,3,996
overhaul,3,996
parts,3,996
pen,3,996
penalty,3,996
peoples,3,996
percentage,3,996
perform,3,996
period,3,996
perpupil,3,996
personal,3,996
phyllis,3,996
pioneers,3,996
planning,3,996
policies,3,996
potential,3,996
practice,3,996
prairie,3,996
preference,3,996
premium,3,996
premiums,3,996
preparation,3,996
preparing,3,996
present,3,996
principle,3,996
prison,3,996
producing,3,996
products,3,996
profile,3,996
projected,3,996
protecting,3,996
protection,3,996
rail,3,996
railroad,3,996
raised,3,996
rapidly,3,996
read,3,996
recent,3,996
recognize,3,996
recognized,3,996
recommendations,3,996
records,3,996
recovery,3,996
reducing,3,996
reductions,3,996
regional,3,996
regular,3,996
reinvest,3,996
related,3,996
relevant,3,996
rely,3,996
remain,3,996
remove,3,996
renew,3,996
replace,3,996
requirement,3,996
requires,3,996
return,3,996
returned,3,996
revolutionize,3,996
rigor,3,996
rise,3,996
rising,3,996
risked,3,996
sara,3,996
scholarship,3,996
scott,3,996
seated,3,996
secure,3,996
seem,3,996
seniority,3,996
setting,3,996
settle,3,996
sex,3,996
shell,3,996
sick,3,996
signed,3,996
simple,3,996
sister,3,996
size,3,996
slowed,3,996
someone,3,996
sons,3,996
sound,3,996
spring,3,996
starters,3,996
stepped,3,996
stop,3,996
store,3,996
strategically,3,996
subject,3,996
supply,3,996
systems,3,996
tackle,3,996
taxation,3,996
technical,3,996
tells,3,996
term,3,996
thinking,3,996
thousand,3,996
thousands,3,996
tired,3,996
tomorrow,3,996
tony,3,996
tour,3,996
track,3,996
tradition,3,996
tragedy,3,996
transformation,3,996
travel,3,996
treat,3,996
tribes,3,996
troops,3,996
trying,3,996
types,3,996
understood,3,996
unprecedented,3,996
usually,3,996
vast,3,996
visitors,3,996
vitality,3,996
wage,3,996
wanted,3,996
wars,3,996
waste,3,996
wave,3,996
welcome,3,996
white,3,996
wife,3,996
wildlife,3,996
willingness,3,996
worldclass,3,996
worst,3,996
wrote,3,996
yes,3,996
abraham,2,1328
absolutely,2,1328
academically,2,1328
accelerate,2,1328
acres,2,1328
activity,2,1328
acute,2,1328
addiction,2,1328
addressing,2,1328
administrative,2,1328
advice,2,1328
agencies,2,1328
agricultural,2,1328
airline,2,1328
airplane,2,1328
alf,2,1328
alfs,2,1328
algebra,2,1328
allday,2,1328
alliance,2,1328
allocated,2,1328
americans,2,1328
among,2,1328
analysis,2,1328
anderson,2,1328
announce,2,1328
anthony,2,1328
anyone,2,1328
anything,2,1328
apple,2,1328
approval,2,1328
attend,2,1328
attorney,2,1328
attracting,2,1328
authorities,2,1328
authorize,2,1328
backwards,2,1328
bar,2,1328
bare,2,1328
based,2,1328
battalion,2,1328
beacon,2,1328
beat,2,1328
beauty,2,1328
becoming,2,1328
bed,2,1328
bedrock,2,1328
beginning,2,1328
begun,2,1328
belongs,2,1328
benson,2,1328
billing,2,1328
biodiesel,2,1328
biomass,2,1328
birthday,2,1328
bishop,2,1328
blessed,2,1328
blood,2,1328
bob,2,1328
body,2,1328
bolster,2,1328
bonus,2,1328
boost,2,1328
border,2,1328
bored,2,1328
borlaug,2,1328
born,2,1328
breathe,2,1328
brenda,2,1328
brian,2,1328
brighter,2,1328
bringing,2,1328
broader,2,1328
brooks,2,1328
bulk,2,1328
bulls,2,1328
bureaucracies,2,1328
bus,2,1328
bush,2,1328
calls,2,1328
campuses,2,1328
capabilities,2,1328
capacity,2,1328
capita,2,1328
caps,2,1328
card,2,1328
carefully,2,1328
carol,2,1328
cases,2,1328
cash,2,1328
castles,2,1328
cause,2,1328
ceremony,2,1328
certainty,2,1328
chad,2,1328
chamber,2,1328
chapter,2,1328
chariot,2,1328
charles,2,1328
checked,2,1328
chinese,2,1328
chosen,2,1328
cities,2,1328
click,2,1328
coffee,2,1328
colleagues,2,1328
collections,2,1328
color,2,1328
columbia,2,1328
com,2,1328
combined,2,1328
commit,2,1328
commitments,2,1328
comparable,2,1328
competition,2,1328
competitiveness,2,1328
competitors,2,1328
complacent,2,1328
completed,2,1328
compromise,2,1328
computer,2,1328
computers,2,1328
concerned,2,1328
conducted,2,1328
confused,2,1328
connection,2,1328
consider,2,1328
contains,2,1328
contend,2,1328
continuing,2,1328
contours,2,1328
controlling,2,1328
coordinated,2,1328
corne,2,1328
cornerstone,2,1328
cover,2,1328
creates,2,1328
creativity,2,1328
criminals,2,1328
crops,2,1328
curt,2,1328
customers,2,1328
cutting,2,1328
daddy,2,1328
dangerous,2,1328
dates,2,1328
daughters,2,1328
david,2,1328
death,2,1328
debated,2,1328
debates,2,1328
decent,2,1328
decide,2,1328
deeds,2,1328
define,2,1328
degree,2,1328
delighted,2,1328
democrat,2,1328
demographics,2,1328
deploying,2,1328
describing,2,1328
desperately,2,1328
despite,2,1328
diabetes,2,1328
died,2,1328
difference,2,1328
differences,2,1328
difficulties,2,1328
digital,2,1328
directed,2,1328
directly,2,1328
discourage,2,1328
disparities,2,1328
display,2,1328
doctor,2,1328
doors,2,1328
dozen,2,1328
dreamed,2,1328
dreams,2,1328
drive,2,1328
drives,2,1328
driving,2,1328
droppings,2,1328
drunk,2,1328
dug,2,1328
dylan,2,1328
earlier,2,1328
earned,2,1328
educate,2,1328
educational,2,1328
effectiveness,2,1328
efficiency,2,1328
eight,2,1328
eighth,2,1328
elected,2,1328
election,2,1328
else,2,1328
emerged,2,1328
emerging,2,1328
employee,2,1328
empower,2,1328
empty,2,1328
enforcement,2,1328
enhance,2,1328
enjoy,2,1328
enter,2,1328
enthusiastic,2,1328
entrance,2,1328
entrepreneurs,2,1328
entrepreneurship,2,1328
epic,2,1328
established,2,1328
evaluations,2,1328
event,2,1328
eventually,2,1328
excellent,2,1328
exceptions,2,1328
exclusion,2,1328
executive,2,1328
exist,2,1328
existed,2,1328
expansion,2,1328
experienced,2,1328
expertise,2,1328
expiration,2,1328
expressing,2,1328
extra,2,1328
faces,2,1328
failing,2,1328
fallen,2,1328
famous,2,1328
fantastic,2,1328
fastchanging,2,1328
fastest,2,1328
features,2,1328
feed,2,1328
fellow,2,1328
fewer,2,1328
fifth,2,1328
financially,2,1328
finish,2,1328
fire,2,1328
fires,2,1328
fish,2,1328
fixed,2,1328
floods,2,1328
focuses,2,1328
followed,2,1328
forced,2,1328
ford,2,1328
formed,2,1328
found,2,1328
fourth,2,1328
fragile,2,1328
frozen,2,1328
fully,2,1328
funds,2,1328
gain,2,1328
gambling,2,1328
games,2,1328
garage,2,1328
gasoline,2,1328
gates,2,1328
geared,2,1328
generous,2,1328
geothermal,2,1328
golden,2,1328
goodbye,2,1328
graders,2,1328
grades,2,1328
grand,2,1328
grandchildren,2,1328
grandparents,2,1328
grew,2,1328
grips,2,1328
grown,2,1328
guards,2,1328
guest,2,1328
guests,2,1328
habitat,2,1328
hang,2,1328
hartman,2,1328
hasnt,2,1328
heads,2,1328
heal,2,1328
healthiest,2,1328
heartbreaking,2,1328
heavily,2,1328
herb,2,1328
hero,2,1328
heroism,2,1328
historically,2,1328
holding,2,1328
hollow,2,1328
homegrown,2,1328
homelessness,2,1328
hoping,2,1328
horses,2,1328
hospital,2,1328
hurt,2,1328
imagine,2,1328
immigration,2,1328
impacted,2,1328
impacts,2,1328
improvements,2,1328
incredibly,2,1328
individual,2,1328
individuals,2,1328
inflation,2,1328
infrastructure,2,1328
installment,2,1328
institute,2,1328
instituted,2,1328
intentions,2,1328
introduce,2,1328
invented,2,1328
investing,2,1328
ipod,2,1328
iron,2,1328
itll,2,1328
jim,2,1328
joe,2,1328
johnson,2,1328
journey,2,1328
kept,2,1328
kipp,2,1328
kiss,2,1328
lamb,2,1328
lane,2,1328
launched,2,1328
legal,2,1328
legislative,2,1328
levy,2,1328
liberty,2,1328
license,2,1328
lies,2,1328
lieutenant,2,1328
lifetime,2,1328
light,2,1328
list,2,1328
livable,2,1328
lived,2,1328
loans,2,1328
located,2,1328
loves,2,1328
lowest,2,1328
luverne,2,1328
mail,2,1328
maintaining,2,1328
manage,2,1328
management,2,1328
mandates,2,1328
march,2,1328
markets,2,1328
marks,2,1328
massive,2,1328
match,2,1328
mauer,2,1328
mayor,2,1328
mayors,2,1328
meaning,2,1328
meatpacking,2,1328
medal,2,1328
medicine,2,1328
memory,2,1328
mentors,2,1328
method,2,1328
mexico,2,1328
michigan,2,1328
mile,2,1328
militia,2,1328
mind,2,1328
mndot,2,1328
models,2,1328
modernization,2,1328
modest,2,1328
molnau,2,1328
moments,2,1328
momentum,2,1328
month,2,1328
moon,2,1328
morning,2,1328
mouse,2,1328
moved,2,1328
moventas,2,1328
moves,2,1328
multiple,2,1328
nearby,2,1328
necessary,2,1328
negotiate,2,1328
norman,2,1328
northern,2,1328
nostalgia,2,1328
obesity,2,1328
obtain,2,1328
offers,2,1328
ongoing,2,1328
opening,2,1328
operation,2,1328
opposed,2,1328
optimism,2,1328
optimistic,2,1328
option,2,1328
ordered,2,1328
organization,2,1328
original,2,1328
outdated,2,1328
outnumbered,2,1328
outrageous,2,1328
outside,2,1328
overall,2,1328
overcome,2,1328
overcoming,2,1328
ownership,2,1328
painful,2,1328
panchot,2,1328
parent,2,1328
park,2,1328
passes,2,1328
patients,2,1328
payment,2,1328
permanent,2,1328
permanently,2,1328
permitting,2,1328
person,2,1328
perspective,2,1328
phone,2,1328
pioneering,2,1328
planet,2,1328
played,2,1328
playing,2,1328
pledge,2,1328
plenty,2,1328
plus,2,1328
postcards,2,1328
prayers,2,1328
premier,2,1328
preparedness,2,1328
presentation,2,1328
presented,2,1328
prevent,2,1328
previously,2,1328
prices,2,1328
principles,2,1328
prioritize,2,1328
prisons,2,1328
privilege,2,1328
produce,2,1328
producers,2,1328
product,2,1328
production,2,1328
professionals,2,1328
professions,2,1328
profoundly,2,1328
promise,2,1328
promote,2,1328
protected,2,1328
prove,2,1328
providing,2,1328
pull,2,1328
pumps,2,1328
purpose,2,1328
pursue,2,1328
pushing,2,1328
queen,2,1328
quest,2,1328
questions,2,1328
quote,2,1328
ran,2,1328
reaches,2,1328
realities,2,1328
rebuild,2,1328
received,2,1328
receiving,2,1328
recession,2,1328
record,2,1328
reference,2,1328
referendum,2,1328
regarding,2,1328
regardless,2,1328
relationship,2,1328
relevance,2,1328
remains,2,1328
reminded,2,1328
reminds,2,1328
renewed,2,1328
repeat,2,1328
represent,2,1328
represents,2,1328
requiring,2,1328
reserve,2,1328
reserves,2,1328
resource,2,1328
respected,2,1328
responders,2,1328
response,2,1328
responsive,2,1328
rest,2,1328
restored,2,1328
restrain,2,1328
retirement,2,1328
review,2,1328
revolution,2,1328
reward,2,1328
rewarded,2,1328
ribbon,2,1328
ride,2,1328
rides,2,1328
ripley,2,1328
ritual,2,1328
road,2,1328
rock,2,1328
sad,2,1328
saying,2,1328
sculpture,2,1328
sea,2,1328
secret,2,1328
seed,2,1328
seek,2,1328
seems,2,1328
seize,2,1328
selfless,2,1328
senate,2,1328
sending,2,1328
senior,2,1328
seniors,2,1328
sent,2,1328
series,2,1328
shake,2,1328
shed,2,1328
shining,2,1328
ship,2,1328
shores,2,1328
shows,2,1328
shut,2,1328
side,2,1328
significantly,2,1328
signs,2,1328
similar,2,1328
sing,2,1328
sit,2,1328
site,2,1328
sitting,2,1328
situation,2,1328
skill,2,1328
smarter,2,1328
snow,2,1328
soar,2,1328
socially,2,1328
society,2,1328
solar,2,1328
solved,2,1328
solving,2,1328
sources,2,1328
space,2,1328
specifically,2,1328
split,2,1328
spoke,2,1328
squeezed,2,1328
squeezing,2,1328
stable,2,1328
stakeholders,2,1328
standard,2,1328
star,2,1328
stimulating,2,1328
stone,2,1328
stood,2,1328
strategies,2,1328
strategy,2,1328
streamline,2,1328
streamlining,2,1328
strides,2,1328
strongly,2,1328
succeeded,2,1328
summed,2,1328
super,2,1328
superintendent,2,1328
supportive,2,1328
surgery,2,1328
sustainable,2,1328
switch,2,1328
taconite,2,1328
talking,2,1328
tape,2,1328
taught,2,1328
technologies,2,1328
tend,2,1328
tenth,2,1328
terrible,2,1328
theme,2,1328
throughout,2,1328
ticket,2,1328
timber,2,1328
todays,2,1328
total,2,1328
trail,2,1328
tried,2,1328
turkeys,2,1328
turn,2,1328
turnaround,2,1328
tutors,2,1328
twenty,2,1328
typical,2,1328
unallotments,2,1328
uncertainty,2,1328
undermine,2,1328
understandable,2,1328
unemployment,2,1328
unique,2,1328
unity,2,1328
unlike,2,1328
unsustainable,2,1328
upcoming,2,1328
variety,2,1328
vehicles,2,1328
veto,2,1328
visa,2,1328
visionary,2,1328
visited,2,1328
vital,2,1328
voice,2,1328
voter,2,1328
wages,2,1328
wants,2,1328
warm,2,1328
watching,2,1328
wear,2,1328
weary,2,1328
wed,2,1328
weights,2,1328
welfare,2,1328
wellbeing,2,1328
werent,2,1328
western,2,1328
whenever,2,1328
wherever,2,1328
willing,2,1328
windpower,2,1328
wings,2,1328
wisdom,2,1328
woman,2,1328
won,2,1328
worldwide,2,1328
worry,2,1328
wouldnt,2,1328
written,2,1328
yearold,2,1328
yellow,2,1328
youngest,2,1328
zero,2,1328
zone,2,1328
abolished,1,1979
abounds,1,1979
absorb,1,1979
academics,1,1979
accepted,1,1979
accepts,1,1979
accessible,1,1979
accommodations,1,1979
accomplishes,1,1979
account,1,1979
accountants,1,1979
accustomed,1,1979
achieves,1,1979
acquiring,1,1979
acting,1,1979
activities,1,1979
acts,1,1979
actual,1,1979
adams,1,1979
addicts,1,1979
additial,1,1979
addressed,1,1979
addresses,1,1979
administrators,1,1979
admit,1,1979
adopting,1,1979
adrenaline,1,1979
advanced,1,1979
advancement,1,1979
advantaged,1,1979
advantages,1,1979
adventure,1,1979
adventurers,1,1979
adversarial,1,1979
advocated,1,1979
affairs,1,1979
affordability,1,1979
agency,1,1979
agencys,1,1979
agendas,1,1979
agents,1,1979
ages,1,1979
agreed,1,1979
agribusiness,1,1979
ahmadinejad,1,1979
aid,1,1979
airbag,1,1979
aisle,1,1979
alexander,1,1979
alice,1,1979
align,1,1979
alignment,1,1979
allegiance,1,1979
allowing,1,1979
allthank,1,1979
altar,1,1979
alternatives,1,1979
altogether,1,1979
alwaysavailable,1,1979
amber,1,1979
ambition,1,1979
ambushed,1,1979
amen,1,1979
americanize,1,1979
andersen,1,1979
anew,1,1979
angel,1,1979
anna,1,1979
announcement,1,1979
announces,1,1979
annoying,1,1979
answered,1,1979
answers,1,1979
antijobs,1,1979
antiviolence,1,1979
antonia,1,1979
anybody,1,1979
anyway,1,1979
apart,1,1979
appeared,1,1979
applause,1,1979
applied,1,1979
appreciates,1,1979
appreciating,1,1979
appropriation,1,1979
aptitudes,1,1979
aquatennial,1,1979
arabia,1,1979
arbitration,1,1979
arctic,1,1979
argue,1,1979
argued,1,1979
argument,1,1979
arland,1,1979
armed,1,1979
arms,1,1979
army,1,1979
armys,1,1979
arne,1,1979
array,1,1979
arrival,1,1979
arrive,1,1979
arriving,1,1979
art,1,1979
artifact,1,1979
artillery,1,1979
ashley,1,1979
asia,1,1979
asks,1,1979
asleep,1,1979
aspect,1,1979
aspects,1,1979
assembly,1,1979
assets,1,1979
assigned,1,1979
assisting,1,1979
association,1,1979
asteroid,1,1979
asthma,1,1979
atlantic,1,1979
atmosphere,1,1979
atrisk,1,1979
attack,1,1979
attention,1,1979
attentiongrabbing,1,1979
attitude,1,1979
attitudes,1,1979
attraction,1,1979
audience,1,1979
augsburg,1,1979
august,1,1979
author,1,1979
auto,1,1979
automakers,1,1979
automatically,1,1979
avenue,1,1979
averages,1,1979
avoid,1,1979
awarded,1,1979
awardwinning,1,1979
aware,1,1979
awareness,1,1979
awe,1,1979
awful,1,1979
baccalaureate,1,1979
backbone,1,1979
backpacks,1,1979
badger,1,1979
baghdad,1,1979
bait,1,1979
bakke,1,1979
bakken,1,1979
balanced,1,1979
balancing,1,1979
ballot,1,1979
bankrupt,1,1979
bankruptcy,1,1979
banks,1,1979
banner,1,1979
barack,1,1979
barely,1,1979
bargain,1,1979
barrier,1,1979
barriers,1,1979
basement,1,1979
bat,1,1979
bataan,1,1979
battles,1,1979
bca,1,1979
bear,1,1979
beating,1,1979
becky,1,1979
becomes,1,1979
beds,1,1979
beets,1,1979
beg,1,1979
begged,1,1979
behave,1,1979
behavioral,1,1979
believed,1,1979
bell,1,1979
bemidji,1,1979
bender,1,1979
berglin,1,1979
bestowed,1,1979
beulah,1,1979
beven,1,1979
bicycle,1,1979
bigger,1,1979
billions,1,1979
biogas,1,1979
biosciences,1,1979
biotechnology,1,1979
bird,1,1979
bit,1,1979
blake,1,1979
blanket,1,1979
blessing,1,1979
blew,1,1979
block,1,1979
blow,1,1979
blue,1,1979
boast,1,1979
boeing,1,1979
boljanoviches,1,1979
bonds,1,1979
bonfire,1,1979
bonine,1,1979
bonoff,1,1979
bonuses,1,1979
booster,1,1979
bought,1,1979
boundaries,1,1979
boundless,1,1979
bowl,1,1979
boxes,1,1979
bradley,1,1979
brain,1,1979
brainer,1,1979
brains,1,1979
brand,1,1979
brazil,1,1979
break,1,1979
breakfast,1,1979
breathtaking,1,1979
breeds,1,1979
bricks,1,1979
brings,1,1979
broad,1,1979
broadest,1,1979
broom,1,1979
brothers,1,1979
brought,1,1979
bruggemans,1,1979
bubble,1,1979
buffer,1,1979
bunch,1,1979
bureaucracy,1,1979
bureaucratic,1,1979
burst,1,1979
bust,1,1979
button,1,1979
byso,1,1979
cabin,1,1979
cabinet,1,1979
calm,1,1979
camera,1,1979
cameras,1,1979
campaign,1,1979
cancer,1,1979
capability,1,1979
capitalize,1,1979
capped,1,1979
captured,1,1979
carbon,1,1979
careers,1,1979
careful,1,1979
cargo,1,1979
carlsons,1,1979
caroline,1,1979
carries,1,1979
carrying,1,1979
carz,1,1979
casino,1,1979
cass,1,1979
cast,1,1979
casting,1,1979
categories,1,1979
catherine,1,1979
caused,1,1979
caution,1,1979
cedar,1,1979
celebrated,1,1979
cement,1,1979
cent,1,1979
central,1,1979
ceo,1,1979
ceos,1,1979
certification,1,1979
certified,1,1979
champion,1,1979
changin,1,1979
chapters,1,1979
charged,1,1979
charities,1,1979
charity,1,1979
chavez,1,1979
check,1,1979
checkbook,1,1979
checkedout,1,1979
checks,1,1979
cheerleader,1,1979
chemistry,1,1979
cherish,1,1979
chew,1,1979
chicago,1,1979
chicken,1,1979
childs,1,1979
chimney,1,1979
china,1,1979
chippewa,1,1979
chisholm,1,1979
chores,1,1979
chris,1,1979
chunks,1,1979
churchill,1,1979
citing,1,1979
civic,1,1979
claims,1,1979
classrooms,1,1979
cleaner,1,1979
cleanup,1,1979
climbed,1,1979
clinging,1,1979
clogged,1,1979
closer,1,1979
coach,1,1979
coaches,1,1979
coal,1,1979
coalition,1,1979
coastal,1,1979
coasting,1,1979
coding,1,1979
col,1,1979
coleman,1,1979
collapse,1,1979
collar,1,1979
collected,1,1979
colonel,1,1979
colorado,1,1979
coma,1,1979
combat,1,1979
comeback,1,1979
comfortable,1,1979
comforts,1,1979
commenting,1,1979
committing,1,1979
commodities,1,1979
commodity,1,1979
compacts,1,1979
companys,1,1979
compared,1,1979
compass,1,1979
compassion,1,1979
compensation,1,1979
complex,1,1979
complicated,1,1979
compo,1,1979
components,1,1979
compromises,1,1979
comps,1,1979
conceivable,1,1979
concern,1,1979
concluded,1,1979
concludes,1,1979
condition,1,1979
confederate,1,1979
confederates,1,1979
confident,1,1979
configuration,1,1979
confront,1,1979
confronting,1,1979
confusion,1,1979
congested,1,1979
congestion,1,1979
congratulations,1,1979
congress,1,1979
congressmen,1,1979
connections,1,1979
connects,1,1979
conquered,1,1979
conscience,1,1979
conservationists,1,1979
consist,1,1979
consistently,1,1979
consolidate,1,1979
constant,1,1979
constitutionallyprotected,1,1979
consume,1,1979
consumer,1,1979
consumercentered,1,1979
consumes,1,1979
containers,1,1979
containing,1,1979
context,1,1979
contracts,1,1979
contribute,1,1979
contribution,1,1979
contributions,1,1979
contributor,1,1979
controversial,1,1979
convenient,1,1979
convict,1,1979
convince,1,1979
convoluted,1,1979
convoy,1,1979
cooked,1,1979
coop,1,1979
cooperation,1,1979
coordination,1,1979
corner,1,1979
corners,1,1979
corps,1,1979
correct,1,1979
corridors,1,1979
corruption,1,1979
costliest,1,1979
couldnt,1,1979
count,1,1979
countless,1,1979
countystate,1,1979
court,1,1979
courts,1,1979
covered,1,1979
cow,1,1979
cowards,1,1979
cows,1,1979
cracking,1,1979
crash,1,1979
crave,1,1979
cray,1,1979
creator,1,1979
crep,1,1979
crimes,1,1979
criminal,1,1979
criticism,1,1979
crossed,1,1979
crowded,1,1979
crucial,1,1979
crushing,1,1979
cultures,1,1979
cup,1,1979
currency,1,1979
cutter,1,1979
cyberspace,1,1979
dakota,1,1979
dale,1,1979
damage,1,1979
dance,1,1979
danger,1,1979
dangers,1,1979
daniches,1,1979
daniel,1,1979
dark,1,1979
darrell,1,1979
data,1,1979
daughter,1,1979
dead,1,1979
deadly,1,1979
dealers,1,1979
dealing,1,1979
debt,1,1979
decadeslong,1,1979
decision,1,1979
decisionmaking,1,1979
decisively,1,1979
declare,1,1979
declining,1,1979
deduct,1,1979
deep,1,1979
deeper,1,1979
deepest,1,1979
deer,1,1979
defend,1,1979
defending,1,1979
defense,1,1979
defenses,1,1979
deficiencies,1,1979
defined,1,1979
defines,1,1979
definitely,1,1979
defy,1,1979
delay,1,1979
delayed,1,1979
delete,1,1979
delivered,1,1979
delivering,1,1979
democratic,1,1979
demonstration,1,1979
dentists,1,1979
depended,1,1979
dependence,1,1979
deploy,1,1979
deployment,1,1979
depreciate,1,1979
depression,1,1979
describe,1,1979
described,1,1979
designing,1,1979
desire,1,1979
desiring,1,1979
desk,1,1979
destiny,1,1979
destruction,1,1979
details,1,1979
determination,1,1979
detriment,1,1979
devastate,1,1979
devastating,1,1979
device,1,1979
devise,1,1979
diesel,1,1979
differ,1,1979
digging,1,1979
digit,1,1979
digitallystored,1,1979
diminish,1,1979
diploma,1,1979
dire,1,1979
directives,1,1979
director,1,1979
directs,1,1979
disadvantage,1,1979
disappearance,1,1979
disappoints,1,1979
disaster,1,1979
disasters,1,1979
disciplined,1,1979
disconnected,1,1979
discovered,1,1979
discussed,1,1979
discussions,1,1979
disease,1,1979
diseases,1,1979
dish,1,1979
displaying,1,1979
disproving,1,1979
disputes,1,1979
dissatisfaction,1,1979
distraught,1,1979
distribution,1,1979
ditches,1,1979
dividends,1,1979
division,1,1979
divisions,1,1979
dnrs,1,1979
dock,1,1979
document,1,1979
dog,1,1979
domain,1,1979
domestic,1,1979
dominated,1,1979
donate,1,1979
door,1,1979
dorff,1,1979
dosages,1,1979
doubling,1,1979
doubt,1,1979
doubts,1,1979
download,1,1979
downstream,1,1979
downturn,1,1979
doyle,1,1979
drawn,1,1979
dred,1,1979
drellack,1,1979
drill,1,1979
driven,1,1979
driveway,1,1979
dropped,1,1979
drought,1,1979
drown,1,1979
dru,1,1979
drucker,1,1979
drug,1,1979
drugs,1,1979
dry,1,1979
dumped,1,1979
duplicated,1,1979
durenburgers,1,1979
dust,1,1979
duties,1,1979
dvds,1,1979
dynamic,1,1979
eagan,1,1979
eager,1,1979
eagles,1,1979
ear,1,1979
earl,1,1979
earth,1,1979
ease,1,1979
easily,1,1979
eastside,1,1979
easy,1,1979
eating,1,1979
ebay,1,1979
educated,1,1979
educator,1,1979
eelpout,1,1979
effectively,1,1979
eighties,1,1979
eightytwo,1,1979
eisenreich,1,1979
either,1,1979
electricity,1,1979
element,1,1979
elementary,1,1979
eligibility,1,1979
eligible,1,1979
elsenpeters,1,1979
email,1,1979
embark,1,1979
eminent,1,1979
emotions,1,1979
emphasized,1,1979
employ,1,1979
enable,1,1979
enabling,1,1979
enacted,1,1979
endeavors,1,1979
endorsed,1,1979
ends,1,1979
endure,1,1979
endured,1,1979
endures,1,1979
energetic,1,1979
energyburning,1,1979
energysaving,1,1979
engage,1,1979
engagement,1,1979
engineering,1,1979
engineers,1,1979
english,1,1979
enhancing,1,1979
enjoying,1,1979
enjoyment,1,1979
enjoys,1,1979
enormously,1,1979
enriched,1,1979
enrolled,1,1979
enrollment,1,1979
ensuring,1,1979
entered,1,1979
enterprises,1,1979
entertains,1,1979
enthusiasm,1,1979
entitled,1,1979
entitlement,1,1979
entrepreneur,1,1979
envelope,1,1979
environmentally,1,1979
envision,1,1979
epicenter,1,1979
epidemic,1,1979
erase,1,1979
erickson,1,1979
errors,1,1979
essential,1,1979
establish,1,1979
europe,1,1979
evenings,1,1979
events,1,1979
everywhere,1,1979
evolved,1,1979
exceed,1,1979
except,1,1979
exception,1,1979
excitement,1,1979
exciting,1,1979
excluded,1,1979
exempt,1,1979
expanded,1,1979
expansions,1,1979
expedition,1,1979
expenses,1,1979
experiencing,1,1979
experimentation,1,1979
experts,1,1979
expire,1,1979
exploding,1,1979
explorer,1,1979
exploring,1,1979
exports,1,1979
exposes,1,1979
exposure,1,1979
express,1,1979
extend,1,1979
extended,1,1979
eyepopping,1,1979
facetoface,1,1979
facility,1,1979
facts,1,1979
factstoo,1,1979
fail,1,1979
fails,1,1979
failure,1,1979
faint,1,1979
fairness,1,1979
faithfully,1,1979
falling,1,1979
fans,1,1979
farewell,1,1979
faribault,1,1979
farmerowned,1,1979
farmgrown,1,1979
fashion,1,1979
fateful,1,1979
fathers,1,1979
favorites,1,1979
fdr,1,1979
feature,1,1979
fed,1,1979
feeding,1,1979
feelings,1,1979
fees,1,1979
feet,1,1979
fell,1,1979
felt,1,1979
fertile,1,1979
fev,1,1979
fewest,1,1979
field,1,1979
fields,1,1979
fierce,1,1979
file,1,1979
filipino,1,1979
fills,1,1979
financed,1,1979
financing,1,1979
finding,1,1979
finest,1,1979
finishes,1,1979
finnish,1,1979
fired,1,1979
fireplace,1,1979
fireplaces,1,1979
firm,1,1979
fiscally,1,1979
fit,1,1979
flag,1,1979
flat,1,1979
flattened,1,1979
flew,1,1979
flexibility,1,1979
flexible,1,1979
flight,1,1979
flipped,1,1979
flood,1,1979
flooding,1,1979
florida,1,1979
flow,1,1979
flows,1,1979
flu,1,1979
flung,1,1979
fly,1,1979
flyover,1,1979
follow,1,1979
following,1,1979
follows,1,1979
fond,1,1979
foremost,1,1979
forest,1,1979
forge,1,1979
forget,1,1979
forks,1,1979
former,1,1979
forms,1,1979
fort,1,1979
fortunately,1,1979
fortune,1,1979
forum,1,1979
foster,1,1979
fought,1,1979
founder,1,1979
founding,1,1979
fouryear,1,1979
fraction,1,1979
framework,1,1979
frankly,1,1979
freedoms,1,1979
freeways,1,1979
frequently,1,1979
friday,1,1979
friedman,1,1979
friend,1,1979
friendly,1,1979
frightening,1,1979
frontier,1,1979
frustrates,1,1979
fueling,1,1979
fun,1,1979
fundamental,1,1979
fundamentally,1,1979
furniture,1,1979
futures,1,1979
gagne,1,1979
gained,1,1979
gallant,1,1979
gallons,1,1979
gap,1,1979
garland,1,1979
gather,1,1979
gathering,1,1979
gdp,1,1979
gear,1,1979
generally,1,1979
generate,1,1979
generated,1,1979
gentlemen,1,1979
gently,1,1979
geography,1,1979
gettysburg,1,1979
gift,1,1979
gilbert,1,1979
gina,1,1979
ginas,1,1979
glad,1,1979
glass,1,1979
glee,1,1979
glue,1,1979
gods,1,1979
gold,1,1979
goliath,1,1979
gonot,1,1979
goodpaying,1,1979
gopher,1,1979
govern,1,1979
governance,1,1979
governed,1,1979
gps,1,1979
grace,1,1979
graduated,1,1979
grain,1,1979
grandma,1,1979
grandmas,1,1979
granite,1,1979
granted,1,1979
graphics,1,1979
grasp,1,1979
gravity,1,1979
gray,1,1979
greatly,1,1979
greatness,1,1979
greenhouse,1,1979
greiling,1,1979
grenades,1,1979
grief,1,1979
grill,1,1979
ground,1,1979
groundwork,1,1979
grove,1,1979
growers,1,1979
grows,1,1979
guaranteed,1,1979
guiding,1,1979
guns,1,1979
guts,1,1979
haircut,1,1979
half,1,1979
hancock,1,1979
handheld,1,1979
handle,1,1979
hands,1,1979
handson,1,1979
hanging,1,1979
happens,1,1979
happy,1,1979
harbors,1,1979
hardest,1,1979
hardly,1,1979
hardwired,1,1979
harm,1,1979
harold,1,1979
harriet,1,1979
harry,1,1979
harvest,1,1979
harvested,1,1979
haws,1,1979
head,1,1979
headwaters,1,1979
healing,1,1979
hearing,1,1979
hears,1,1979
heartbroken,1,1979
heartfelt,1,1979
heat,1,1979
heating,1,1979
heaviest,1,1979
heavy,1,1979
heegaard,1,1979
heights,1,1979
held,1,1979
hellerman,1,1979
helpful,1,1979
helps,1,1979
hemorrhaging,1,1979
henry,1,1979
herrgott,1,1979
hesitate,1,1979
hesitating,1,1979
heso,1,1979
hibbing,1,1979
highdemand,1,1979
highlights,1,1979
highlytaxed,1,1979
highquality,1,1979
highs,1,1979
highschool,1,1979
highspeed,1,1979
hinges,1,1979
hired,1,1979
hiring,1,1979
hiroshima,1,1979
historians,1,1979
hmos,1,1979
hobbies,1,1979
holds,1,1979
homebased,1,1979
homeowners,1,1979
homesa,1,1979
hometown,1,1979
homework,1,1979
honeymoon,1,1979
honorable,1,1979
honored,1,1979
hook,1,1979
hopefully,1,1979
horrific,1,1979
hostage,1,1979
hostile,1,1979
hotbed,1,1979
hour,1,1979
household,1,1979
housing,1,1979
hubert,1,1979
hugo,1,1979
hugs,1,1979
hulk,1,1979
humanely,1,1979
humbly,1,1979
humility,1,1979
humphrey,1,1979
hunting,1,1979
hurts,1,1979
husksto,1,1979
icons,1,1979
ideal,1,1979
identified,1,1979
identity,1,1979
idol,1,1979
iii,1,1979
illegal,1,1979
illinois,1,1979
illuminating,1,1979
image,1,1979
immediately,1,1979
impacting,1,1979
imperative,1,1979
implementation,1,1979
implies,1,1979
impose,1,1979
impossible,1,1979
inaugurate,1,1979
incentivize,1,1979
inch,1,1979
included,1,1979
incorporate,1,1979
independence,1,1979
indian,1,1979
indicator,1,1979
indispensable,1,1979
individually,1,1979
inevitably,1,1979
infantry,1,1979
influence,1,1979
ingenuity,1,1979
inhabit,1,1979
innovating,1,1979
innovations,1,1979
input,1,1979
insert,1,1979
inside,1,1979
insists,1,1979
inspired,1,1979
inspiring,1,1979
installation,1,1979
instances,1,1979
instructional,1,1979
insurers,1,1979
insurgents,1,1979
integrated,1,1979
integrity,1,1979
intellect,1,1979
intelligence,1,1979
intensive,1,1979
interacting,1,1979
interaction,1,1979
interconnected,1,1979
interest,1,1979
interesting,1,1979
internships,1,1979
interoperable,1,1979
intolerable,1,1979
intrigued,1,1979
introduced,1,1979
investors,1,1979
involvement,1,1979
iowa,1,1979
iphone,1,1979
ipods,1,1979
iras,1,1979
isaiah,1,1979
issued,1,1979
jails,1,1979
jam,1,1979
janitor,1,1979
january,1,1979
japanese,1,1979
jawdropping,1,1979
jennings,1,1979
jobcreators,1,1979
jobfriendly,1,1979
jobkilling,1,1979
jobseeking,1,1979
joining,1,1979
jokes,1,1979
jokingly,1,1979
joys,1,1979
judged,1,1979
judy,1,1979
jump,1,1979
jumpstarted,1,1979
jumpstarting,1,1979
justly,1,1979
karen,1,1979
kenney,1,1979
kenny,1,1979
kervers,1,1979
kick,1,1979
kicking,1,1979
kid,1,1979
kindhearted,1,1979
kirby,1,1979
kleis,1,1979
knee,1,1979
knows,1,1979
kosovo,1,1979
krueger,1,1979
lab,1,1979
ladies,1,1979
ladys,1,1979
landed,1,1979
landing,1,1979
landscape,1,1979
lanes,1,1979
languages,1,1979
largescale,1,1979
larry,1,1979
larson,1,1979
lasik,1,1979
lately,1,1979
latest,1,1979
launch,1,1979
lawnmower,1,1979
lawsuit,1,1979
lawyers,1,1979
lay,1,1979
league,1,1979
leaner,1,1979
leap,1,1979
leapfrog,1,1979
learned,1,1979
learners,1,1979
leaves,1,1979
lecturing,1,1979
lee,1,1979
legally,1,1979
lena,1,1979
lessen,1,1979
lessons,1,1979
letter,1,1979
leveraging,1,1979
liberties,1,1979
lid,1,1979
lie,1,1979
lift,1,1979
lighthouseshowing,1,1979
likelihood,1,1979
likes,1,1979
likewise,1,1979
limiting,1,1979
limitless,1,1979
limits,1,1979
lindbergh,1,1979
linear,1,1979
linked,1,1979
linking,1,1979
lion,1,1979
lips,1,1979
listening,1,1979
listens,1,1979
literacy,1,1979
livelihood,1,1979
load,1,1979
locals,1,1979
locate,1,1979
locations,1,1979
lock,1,1979
locked,1,1979
locker,1,1979
loitering,1,1979
looks,1,1979
loon,1,1979
lose,1,1979
losing,1,1979
losses,1,1979
loud,1,1979
loudly,1,1979
lourey,1,1979
loureys,1,1979
lousy,1,1979
loved,1,1979
lowball,1,1979
lowercost,1,1979
lowinterest,1,1979
lows,1,1979
lsth,1,1979
luck,1,1979
lucky,1,1979
lutefisk,1,1979
madden,1,1979
madly,1,1979
magazine,1,1979
magnetic,1,1979
magnificent,1,1979
mahmoud,1,1979
mailbox,1,1979
mainframe,1,1979
mainstream,1,1979
maintained,1,1979
maintains,1,1979
majored,1,1979
maker,1,1979
malfeasance,1,1979
mall,1,1979
managed,1,1979
manager,1,1979
managing,1,1979
mandated,1,1979
manner,1,1979
mara,1,1979
marginal,1,1979
marine,1,1979
marker,1,1979
markers,1,1979
marketable,1,1979
marketing,1,1979
marking,1,1979
marshinkes,1,1979
mass,1,1979
mastery,1,1979
materialize,1,1979
matthew,1,1979
mayou,1,1979
mccullough,1,1979
mchugh,1,1979
measurement,1,1979
meat,1,1979
media,1,1979
mental,1,1979
mentality,1,1979
mentoring,1,1979
mercury,1,1979
merilee,1,1979
merit,1,1979
messaging,1,1979
meth,1,1979
methamphetamine,1,1979
methods,1,1979
metro,1,1979
michael,1,1979
micro,1,1979
microphone,1,1979
midcareer,1,1979
midwest,1,1979
midwestern,1,1979
milk,1,1979
millions,1,1979
minds,1,1979
mines,1,1979
minimize,1,1979
ministers,1,1979
minnesotamore,1,1979
minnesotawhy,1,1979
miracle,1,1979
misfortune,1,1979
missing,1,1979
mistake,1,1979
mistakes,1,1979
mix,1,1979
mnscus,1,1979
modernized,1,1979
modesty,1,1979
molnaus,1,1979
monday,1,1979
monitoring,1,1979
monopoly,1,1979
monthly,1,1979
moral,1,1979
moreover,1,1979
mortal,1,1979
mortar,1,1979
mortgage,1,1979
mother,1,1979
motherinlaw,1,1979
motivated,1,1979
motivates,1,1979
motivation,1,1979
motors,1,1979
motto,1,1979
mouths,1,1979
movie,1,1979
mrs,1,1979
mullet,1,1979
murder,1,1979
music,1,1979
nameharriet,1,1979
names,1,1979
narrow,1,1979
nationally,1,1979
native,1,1979
necessarily,1,1979
neediest,1,1979
needy,1,1979
neglect,1,1979
neglected,1,1979
negotiated,1,1979
negotiating,1,1979
neighborhood,1,1979
neighborhoods,1,1979
neighbors,1,1979
nervous,1,1979
neverending,1,1979
newspapers,1,1979
nextgeneration,1,1979
nhl,1,1979
nice,1,1979
nightmare,1,1979
nights,1,1979
nimble,1,1979
ninetythree,1,1979
noble,1,1979
nobody,1,1979
nobrainer,1,1979
nonbudget,1,1979
none,1,1979
noon,1,1979
northfield,1,1979
note,1,1979
notepad,1,1979
noticed,1,1979
notices,1,1979
nowhere,1,1979
nurses,1,1979
obama,1,1979
oberstar,1,1979
objective,1,1979
obsolete,1,1979
obstacle,1,1979
obtained,1,1979
obvious,1,1979
occasion,1,1979
occur,1,1979
occurred,1,1979
ocean,1,1979
oceans,1,1979
octane,1,1979
odds,1,1979
offerings,1,1979
offices,1,1979
officials,1,1979
ofl,1,1979
ofthe,1,1979
okay,1,1979
ole,1,1979
onceinalifetime,1,1979
onestop,1,1979
onetime,1,1979
onion,1,1979
onto,1,1979
opener,1,1979
operate,1,1979
operating,1,1979
opinion,1,1979
opponent,1,1979
opponents,1,1979
optimal,1,1979
optional,1,1979
optout,1,1979
ordain,1,1979
ore,1,1979
oregon,1,1979
organizational,1,1979
organizations,1,1979
outline,1,1979
outlined,1,1979
outpacing,1,1979
outweighed,1,1979
overcame,1,1979
overdue,1,1979
overflowing,1,1979
overhauling,1,1979
overly,1,1979
overseas,1,1979
oversight,1,1979
owners,1,1979
oxygen,1,1979
pacemakers,1,1979
pacific,1,1979
pack,1,1979
packing,1,1979
page,1,1979
pains,1,1979
pandemic,1,1979
panel,1,1979
paperwork,1,1979
parcels,1,1979
parks,1,1979
participate,1,1979
participation,1,1979
partisan,1,1979
partner,1,1979
partnering,1,1979
partnerships,1,1979
passage,1,1979
pastoring,1,1979
patents,1,1979
pathway,1,1979
pathways,1,1979
patient,1,1979
patrick,1,1979
patriots,1,1979
pawlenty,1,1979
payoff,1,1979
peace,1,1979
peas,1,1979
peel,1,1979
penalties,1,1979
pension,1,1979
perfectly,1,1979
performed,1,1979
peril,1,1979
permit,1,1979
permits,1,1979
perpetuate,1,1979
persistent,1,1979
persistently,1,1979
personalities,1,1979
personality,1,1979
personifies,1,1979
peter,1,1979
phalen,1,1979
pharmacists,1,1979
phillips,1,1979
philosophies,1,1979
physicians,1,1979
pick,1,1979
picture,1,1979
piece,1,1979
pierz,1,1979
pilot,1,1979
pilots,1,1979
pioneer,1,1979
pivotal,1,1979
placed,1,1979
placement,1,1979
placing,1,1979
plainly,1,1979
plane,1,1979
planes,1,1979
plastic,1,1979
plate,1,1979
player,1,1979
plead,1,1979
pleaded,1,1979
pleading,1,1979
pleasures,1,1979
pledged,1,1979
pledging,1,1979
pocketbooks,1,1979
pockets,1,1979
podium,1,1979
pokornys,1,1979
policymakers,1,1979
polio,1,1979
polk,1,1979
pollution,1,1979
pond,1,1979
pool,1,1979
poorly,1,1979
popular,1,1979
populated,1,1979
port,1,1979
portion,1,1979
portions,1,1979
portrait,1,1979
positioned,1,1979
positions,1,1979
possess,1,1979
possibilities,1,1979
possibly,1,1979
postcard,1,1979
posterity,1,1979
posthigh,1,1979
posttenure,1,1979
pounds,1,1979
poured,1,1979
poverty,1,1979
powering,1,1979
powers,1,1979
practices,1,1979
prayer,1,1979
preceded,1,1979
predators,1,1979
predictable,1,1979
predicted,1,1979
preferential,1,1979
preliminary,1,1979
prep,1,1979
preparatory,1,1979
presence,1,1979
preserve,1,1979
presid,1,1979
pressures,1,1979
presumed,1,1979
prevention,1,1979
previous,1,1979
priced,1,1979
pride,1,1979
prides,1,1979
primary,1,1979
prime,1,1979
prince,1,1979
principal,1,1979
privileges,1,1979
probationary,1,1979
proceeding,1,1979
processed,1,1979
processing,1,1979
produced,1,1979
productive,1,1979
productivity,1,1979
professional,1,1979
programming,1,1979
progrowth,1,1979
projob,1,1979
projobs,1,1979
prolonged,1,1979
promised,1,1979
promises,1,1979
promoted,1,1979
pronouncing,1,1979
proof,1,1979
propelled,1,1979
properly,1,1979
prosper,1,1979
prosperous,1,1979
protectors,1,1979
protests,1,1979
prototype,1,1979
proudly,1,1979
publicly,1,1979
publicprivate,1,1979
puck,1,1979
puckett,1,1979
pulled,1,1979
pulling,1,1979
punch,1,1979
punish,1,1979
punishment,1,1979
pupil,1,1979
purple,1,1979
purposes,1,1979
push,1,1979
putin,1,1979
puts,1,1979
quadriga,1,1979
qualified,1,1979
qualify,1,1979
qualifying,1,1979
qualities,1,1979
quarrel,1,1979
quick,1,1979
quicker,1,1979
quirks,1,1979
quit,1,1979
race,1,1979
racial,1,1979
radio,1,1979
radios,1,1979
rain,1,1979
raises,1,1979
ramsey,1,1979
rank,1,1979
ratify,1,1979
rating,1,1979
ratio,1,1979
rational,1,1979
ratios,1,1979
rays,1,1979
reached,1,1979
reaching,1,1979
reaction,1,1979
readiness,1,1979
reading,1,1979
realize,1,1979
realized,1,1979
reallife,1,1979
reasonably,1,1979
reasons,1,1979
rebate,1,1979
rebounded,1,1979
rebuilding,1,1979
receives,1,1979
reception,1,1979
reckless,1,1979
recklessness,1,1979
reclaim,1,1979
recognizable,1,1979
recommend,1,1979
recovers,1,1979
recruit,1,1979
recycling,1,1979
redefining,1,1979
redesigning,1,1979
rediscover,1,1979
reelection,1,1979
reestablish,1,1979
refer,1,1979
reflection,1,1979
reflects,1,1979
refocus,1,1979
reformers,1,1979
refundable,1,1979
refurbished,1,1979
regained,1,1979
registered,1,1979
regulation,1,1979
reinforcements,1,1979
reinforces,1,1979
reinstituted,1,1979
reintegration,1,1979
reinvent,1,1979
reinvented,1,1979
reinvestment,1,1979
reinvigorate,1,1979
rekindle,1,1979
relations,1,1979
reliance,1,1979
religious,1,1979
relocate,1,1979
reluctantly,1,1979
remedial,1,1979
remembering,1,1979
remind,1,1979
renaissance,1,1979
renaming,1,1979
repealed,1,1979
replaced,1,1979
replacing,1,1979
representing,1,1979
request,1,1979
requested,1,1979
requests,1,1979
resident,1,1979
resilience,1,1979
resilient,1,1979
resolve,1,1979
resourcebased,1,1979
responding,1,1979
responsibilities,1,1979
restaurant,1,1979
restoring,1,1979
resulted,1,1979
resulting,1,1979
resurgence,1,1979
retain,1,1979
rethink,1,1979
retire,1,1979
retiring,1,1979
retooling,1,1979
reverse,1,1979
reviews,1,1979
revitalized,1,1979
rhetoric,1,1979
richer,1,1979
richly,1,1979
rigors,1,1979
riser,1,1979
rises,1,1979
risks,1,1979
robbed,1,1979
robust,1,1979
rocket,1,1979
rockets,1,1979
rocori,1,1979
roles,1,1979
rolled,1,1979
ron,1,1979
roosevelt,1,1979
rose,1,1979
roughly,1,1979
round,1,1979
rouser,1,1979
roy,1,1979
rummaging,1,1979
runaway,1,1979
runoff,1,1979
ryan,1,1979
rye,1,1979
sacred,1,1979
safely,1,1979
safest,1,1979
salt,1,1979
salute,1,1979
samples,1,1979
sanchelli,1,1979
sandpaper,1,1979
sat,1,1979
satisfaction,1,1979
saudi,1,1979
sauvers,1,1979
saved,1,1979
saylets,1,1979
scale,1,1979
scared,1,1979
schedule,1,1979
schoolcraft,1,1979
schoolrelated,1,1979
score,1,1979
seamless,1,1979
seamlessly,1,1979
search,1,1979
seasons,1,1979
seat,1,1979
secondary,1,1979
securing,1,1979
seduces,1,1979
seemingly,1,1979
selected,1,1979
selecting,1,1979
selfreliance,1,1979
selfsacrifice,1,1979
sell,1,1979
semicustomized,1,1979
sends,1,1979
sensitive,1,1979
sentence,1,1979
sentences,1,1979
september,1,1979
serious,1,1979
seriously,1,1979
servant,1,1979
sessions,1,1979
sets,1,1979
seven,1,1979
sevenhundredfifty,1,1979
severe,1,1979
severson,1,1979
sewage,1,1979
sexual,1,1979
seymour,1,1979
shaker,1,1979
shall,1,1979
shaped,1,1979
shared,1,1979
sharply,1,1979
shelby,1,1979
shelf,1,1979
shift,1,1979
shimek,1,1979
shines,1,1979
shipping,1,1979
ships,1,1979
shirts,1,1979
shooting,1,1979
shop,1,1979
shopping,1,1979
shore,1,1979
shortage,1,1979
shortages,1,1979
shot,1,1979
shots,1,1979
shoulders,1,1979
shouted,1,1979
shoveling,1,1979
shown,1,1979
sid,1,1979
sidekick,1,1979
signal,1,1979
signing,1,1979
silent,1,1979
silver,1,1979
simultaneously,1,1979
singlepayer,1,1979
sir,1,1979
sites,1,1979
sixty,1,1979
sjodin,1,1979
skies,1,1979
skilled,1,1979
skip,1,1979
slaves,1,1979
sleep,1,1979
slept,1,1979
slowly,1,1979
smarterthats,1,1979
smile,1,1979
snowcovered,1,1979
snuff,1,1979
sobbing,1,1979
socalled,1,1979
soccer,1,1979
socialize,1,1979
sold,1,1979
soldier,1,1979
solid,1,1979
solution,1,1979
somebody,1,1979
someday,1,1979
somepay,1,1979
somewhere,1,1979
sort,1,1979
sought,1,1979
soul,1,1979
southeastern,1,1979
soybean,1,1979
spacious,1,1979
spam,1,1979
sparse,1,1979
sparsely,1,1979
speaker,1,1979
specialist,1,1979
specialized,1,1979
spectacular,1,1979
speeds,1,1979
spends,1,1979
splat,1,1979
splendor,1,1979
spot,1,1979
spouse,1,1979
spur,1,1979
squarefoot,1,1979
stability,1,1979
stage,1,1979
stagnant,1,1979
stalemate,1,1979
stalks,1,1979
stalled,1,1979
stamp,1,1979
standing,1,1979
staring,1,1979
stars,1,1979
starting,1,1979
startups,1,1979
statesubsidized,1,1979
stations,1,1979
statistics,1,1979
statue,1,1979
stearns,1,1979
steel,1,1979
steely,1,1979
steer,1,1979
steger,1,1979
stereotype,1,1979
stick,1,1979
stifle,1,1979
stimulate,1,1979
stockyards,1,1979
stories,1,1979
strain,1,1979
straining,1,1979
strains,1,1979
strangle,1,1979
streets,1,1979
strengthen,1,1979
strengthens,1,1979
strengths,1,1979
stress,1,1979
strikes,1,1979
strips,1,1979
structured,1,1979
struggle,1,1979
studies,1,1979
stumble,1,1979
stunned,1,1979
styles,1,1979
submitting,1,1979
subsidized,1,1979
substantial,1,1979
subtlety,1,1979
successfully,1,1979
suckerpunching,1,1979
suffered,1,1979
suffocate,1,1979
sugar,1,1979
suit,1,1979
summers,1,1979
sums,1,1979
sumter,1,1979
sun,1,1979
supercharged,1,1979
superior,1,1979
supervision,1,1979
supervisor,1,1979
supplement,1,1979
supplies,1,1979
supported,1,1979
supporting,1,1979
surge,1,1979
surplus,1,1979
surrounding,1,1979
survey,1,1979
survive,1,1979
survivors,1,1979
susan,1,1979
sustain,1,1979
sustains,1,1979
sviggum,1,1979
swapping,1,1979
swede,1,1979
sweet,1,1979
symbolize,1,1979
symbols,1,1979
sync,1,1979
tab,1,1979
tackled,1,1979
tackling,1,1979
taco,1,1979
tag,1,1979
tapped,1,1979
targeted,1,1979
taxcutting,1,1979
taxed,1,1979
taxing,1,1979
team,1,1979
teams,1,1979
technologically,1,1979
technologyinduced,1,1979
teddy,1,1979
tee,1,1979
teenager,1,1979
teenagers,1,1979
televisions,1,1979
terri,1,1979
terrific,1,1979
terror,1,1979
tested,1,1979
text,1,1979
textbooks,1,1979
thankful,1,1979
thankfully,1,1979
thee,1,1979
theft,1,1979
thermostats,1,1979
theyd,1,1979
thinkers,1,1979
thomas,1,1979
threaten,1,1979
threatened,1,1979
threestar,1,1979
thrive,1,1979
throw,1,1979
tickets,1,1979
tidal,1,1979
tide,1,1979
tighter,1,1979
tightfisted,1,1979
tilford,1,1979
tips,1,1979
tissue,1,1979
toasters,1,1979
toolbox,1,1979
tools,1,1979
tornadoes,1,1979
tossed,1,1979
toughest,1,1979
toughminded,1,1979
touring,1,1979
tourism,1,1979
tourniquet,1,1979
tours,1,1979
township,1,1979
townships,1,1979
trade,1,1979
trading,1,1979
traffic,1,1979
tragedies,1,1979
traits,1,1979
trance,1,1979
transcontinental,1,1979
transferred,1,1979
transformed,1,1979
transforming,1,1979
transit,1,1979
transition,1,1979
traveled,1,1979
traveling,1,1979
treading,1,1979
treasury,1,1979
treating,1,1979
treatment,1,1979
treatments,1,1979
trends,1,1979
tribute,1,1979
triggered,1,1979
trips,1,1979
troubles,1,1979
trucking,1,1979
trucks,1,1979
truly,1,1979
truman,1,1979
trustworthy,1,1979
truths,1,1979
tucked,1,1979
tum,1,1979
turbines,1,1979
turbocharged,1,1979
turkey,1,1979
turmoil,1,1979
turned,1,1979
turnout,1,1979
tutoring,1,1979
tweaking,1,1979
twist,1,1979
twofaced,1,1979
twothirds,1,1979
ugly,1,1979
unbearable,1,1979
uncertain,1,1979
unchecked,1,1979
uncoordinated,1,1979
undeniably,1,1979
underlying,1,1979
undermines,1,1979
understandably,1,1979
understanding,1,1979
undertaxed,1,1979
underway,1,1979
undeveloped,1,1979
unfortunately,1,1979
unimaginable,1,1979
units,1,1979
unleash,1,1979
unloaded,1,1979
unmet,1,1979
unnecessary,1,1979
unpredictable,1,1979
unquenchable,1,1979
unrealistic,1,1979
unreasonable,1,1979
unreasonably,1,1979
unreliable,1,1979
unspeakable,1,1979
unstoppable,1,1979
untangle,1,1979
untouched,1,1979
updated,1,1979
upfront,1,1979
upgrade,1,1979
upgrading,1,1979
urban,1,1979
urgency,1,1979
urgent,1,1979
usage,1,1979
usual,1,1979
utilized,1,1979
utilizing,1,1979
vaguely,1,1979
valley,1,1979
valuable,1,1979
vastly,1,1979
veered,1,1979
vehicle,1,1979
venture,1,1979
vermilion,1,1979
vern,1,1979
via,1,1979
viability,1,1979
vice,1,1979
viciously,1,1979
vickerman,1,1979
victim,1,1979
vikings,1,1979
visions,1,1979
visit,1,1979
visiting,1,1979
visits,1,1979
vitally,1,1979
vladimir,1,1979
vodka,1,1979
volume,1,1979
voluntarily,1,1979
voluntary,1,1979
volunteers,1,1979
voting,1,1979
vulnerable,1,1979
waiting,1,1979
wakeup,1,1979
waking,1,1979
walked,1,1979
walks,1,1979
wall,1,1979
wallets,1,1979
walls,1,1979
wanting,1,1979
wasnt,1,1979
waterskis,1,1979
waterways,1,1979
waves,1,1979
wearing,1,1979
weather,1,1979
web,1,1979
wedding,1,1979
weight,1,1979
weighted,1,1979
weighty,1,1979
welcomed,1,1979
welcoming,1,1979
welleducated,1,1979
wet,1,1979
wheat,1,1979
wheel,1,1979
wheelock,1,1979
whitney,1,1979
whomever,1,1979
wild,1,1979
wilkins,1,1979
willard,1,1979
willers,1,1979
windmills,1,1979
window,1,1979
winkler,1,1979
winning,1,1979
winston,1,1979
winter,1,1979
wisely,1,1979
wish,1,1979
wishes,1,1979
wishful,1,1979
withb,1,1979
witnessed,1,1979
womens,1,1979
wondered,1,1979
wonderfully,1,1979
wonders,1,1979
woods,1,1979
word,1,1979
workable,1,1979
workbased,1,1979
worker,1,1979
workplace,1,1979
worsen,1,1979
worship,1,1979
write,1,1979
writing,1,1979
wrong,1,1979
wwe,1,1979
yanking,1,1979
yard,1,1979
yea,1,1979
yesterday,1,1979
yield,1,1979
younger,1,1979
youre,1,1979
youth,1,1979
youths,1,1979
youtube,1,1979
youve,1,1979
zealous,1,1979
