perpichwords,perpichcount,perpichrank
minnesota,293,1
will,256,2
state,208,3
must,124,4
people,110,5
jobs,86,6
can,83,7
government,82,8
tax,81,9
work,67,10
years,66,11
education,65,12
new,64,13
one,64,13
economic,61,15
job,57,16
year,53,17
program,49,18
help,48,19
make,48,19
system,47,21
need,46,22
minnesotans,44,23
legislature,43,24
states,43,24
budget,42,26
research,42,26
world,42,26
also,41,29
time,41,29
future,40,31
first,39,32
business,38,33
many,38,33
good,36,35
nation,36,35
school,36,35
major,35,38
now,35,38
percent,35,38
today,35,38
governor,34,42
resources,34,42
economy,32,44
best,31,45
energy,31,45
environment,31,45
high,30,48
minnesotas,29,49
want,29,49
ago,28,51
better,28,51
development,27,53
last,27,53
children,26,55
creation,26,55
every,26,55
goal,26,55
made,26,55
plan,26,55
taxes,26,55
back,25,62
like,25,62
past,25,62
programs,25,62
public,25,62
students,25,62
way,25,62
continue,24,69
members,24,69
schools,24,69
drugs,23,72
federal,23,72
four,23,72
know,23,72
rate,23,72
reform,23,72
strong,23,72
fund,22,79
quality,22,79
together,22,79
use,22,79
great,21,83
just,21,83
local,21,83
provide,21,83
workers,21,83
create,20,88
dollars,20,88
drug,20,88
environmental,20,88
income,20,88
national,20,88
recovery,20,88
services,20,88
technology,20,88
times,20,88
citizens,19,98
effort,19,98
hard,19,98
industry,19,98
much,19,98
natural,19,98
partnership,19,98
put,19,98
special,19,98
two,19,98
family,18,108
farm,18,108
governors,18,108
growth,18,108
important,18,108
legislative,18,108
let,18,108
look,18,108
million,18,108
money,18,108
number,18,108
session,18,108
spirit,18,108
three,18,108
well,18,108
already,17,123
corporation,17,123
country,17,123
cut,17,123
fiscal,17,123
greater,17,123
ideas,17,123
needs,17,123
products,17,123
see,17,123
spending,17,123
support,17,123
administration,16,135
businesses,16,135
form,16,135
give,16,135
life,16,135
making,16,135
propose,16,135
working,16,135
another,15,143
efforts,15,143
office,15,143
possible,15,143
protect,15,143
reserve,15,143
trade,15,143
become,14,150
bring,14,150
competitive,14,150
created,14,150
five,14,150
history,14,150
leadership,14,150
means,14,150
opportunity,14,150
private,14,150
university,14,150
weeks,14,150
ask,13,162
constitutional,13,162
develop,13,162
done,13,162
farmers,13,162
funding,13,162
international,13,162
investment,13,162
key,13,162
message,13,162
personal,13,162
president,13,162
report,13,162
said,13,162
say,13,162
second,13,162
six,13,162
thank,13,162
third,13,162
agriculture,12,181
brainpower,12,181
century,12,181
community,12,181
credit,12,181
educational,12,181
even,12,181
excellence,12,181
health,12,181
long,12,181
partnerships,12,181
proud,12,181
throughout,12,181
top,12,181
treatment,12,181
unemployment,12,181
ability,11,197
areas,11,197
blueprint,11,197
find,11,197
get,11,197
gone,11,197
justice,11,197
keep,11,197
management,11,197
next,11,197
opportunities,11,197
problems,11,197
property,11,197
small,11,197
take,11,197
tonight,11,197
week,11,197
ahead,10,214
believe,10,214
beyond,10,214
care,10,214
come,10,214
commitment,10,214
conservation,10,214
cost,10,214
court,10,214
day,10,214
determined,10,214
early,10,214
expand,10,214
families,10,214
financial,10,214
improve,10,214
increase,10,214
less,10,214
live,10,214
longterm,10,214
meet,10,214
mining,10,214
never,10,214
parents,10,214
place,10,214
pledge,10,214
policy,10,214
position,10,214
power,10,214
recommendations,10,214
reduce,10,214
reduction,10,214
service,10,214
society,10,214
speaker,10,214
training,10,214
wood,10,214
worked,10,214
access,9,252
always,9,252
among,9,252
asked,9,252
center,9,252
climate,9,252
company,9,252
crisis,9,252
dollar,9,252
duty,9,252
ever,9,252
expansion,9,252
forward,9,252
full,9,252
hope,9,252
iron,9,252
leaders,9,252
longer,9,252
move,9,252
point,9,252
productive,9,252
require,9,252
since,9,252
tell,9,252
took,9,252
water,9,252
without,9,252
act,8,279
attention,8,279
bad,8,279
challenge,8,279
change,8,279
chief,8,279
clean,8,279
college,8,279
commission,8,279
cooperation,8,279
difficult,8,279
enough,8,279
fact,8,279
fellow,8,279
food,8,279
highest,8,279
improved,8,279
individual,8,279
institute,8,279
labor,8,279
land,8,279
nations,8,279
necessary,8,279
officers,8,279
ore,8,279
proposals,8,279
rating,8,279
representative,8,279
respect,8,279
rest,8,279
right,8,279
role,8,279
run,8,279
share,8,279
sound,8,279
start,8,279
still,8,279
taxpayers,8,279
thanks,8,279
thousands,8,279
tomorrow,8,279
tradition,8,279
turn,8,279
winona,8,279
aid,7,323
assistance,7,323
basic,7,323
beginning,7,323
benefits,7,323
building,7,323
cities,7,323
compensation,7,323
comprehensive,7,323
consider,7,323
control,7,323
convinced,7,323
dakota,7,323
days,7,323
deal,7,323
deficit,7,323
developed,7,323
emphasis,7,323
employment,7,323
excellent,7,323
expanded,7,323
fair,7,323
fourth,7,323
going,7,323
human,7,323
industries,7,323
investments,7,323
japan,7,323
law,7,323
leader,7,323
learning,7,323
levels,7,323
line,7,323
lines,7,323
lives,7,323
marilyn,7,323
markets,7,323
model,7,323
problem,7,323
produce,7,323
recent,7,323
science,7,323
several,7,323
size,7,323
stability,7,323
stacy,7,323
steps,7,323
success,7,323
terms,7,323
thats,7,323
thing,7,323
tourism,7,323
trust,7,323
universities,7,323
ways,7,323
weve,7,323
works,7,323
yet,7,323
actions,6,381
additional,6,381
agricultural,6,381
alone,6,381
alternative,6,381
america,6,381
american,6,381
anderson,6,381
announced,6,381
applied,6,381
area,6,381
around,6,381
arts,6,381
begin,6,381
billion,6,381
bold,6,381
budgets,6,381
build,6,381
call,6,381
called,6,381
choice,6,381
colleges,6,381
committed,6,381
common,6,381
corporate,6,381
dont,6,381
example,6,381
examples,6,381
face,6,381
finance,6,381
focus,6,381
former,6,381
foundation,6,381
funds,6,381
gmc,6,381
governments,6,381
group,6,381
groups,6,381
half,6,381
head,6,381
healthy,6,381
heard,6,381
helped,6,381
heritage,6,381
higher,6,381
hold,6,381
home,6,381
immediate,6,381
initiatives,6,381
invest,6,381
invested,6,381
languages,6,381
lieutenant,6,381
longrange,6,381
love,6,381
lower,6,381
lowest,6,381
main,6,381
old,6,381
olson,6,381
onehalf,6,381
open,6,381
paid,6,381
part,6,381
planning,6,381
play,6,381
priority,6,381
proposing,6,381
rather,6,381
real,6,381
reducing,6,381
reforms,6,381
rural,6,381
sector,6,381
sense,6,381
shape,6,381
simple,6,381
single,6,381
sources,6,381
stable,6,381
steel,6,381
story,6,381
strategy,6,381
strength,6,381
study,6,381
taconite,6,381
taken,6,381
task,6,381
technologies,6,381
toward,6,381
using,6,381
washington,6,381
words,6,381
young,6,381
able,5,475
action,5,475
asking,5,475
average,5,475
began,5,475
begun,5,475
behind,5,475
benefit,5,475
cant,5,475
changes,5,475
changing,5,475
city,5,475
clear,5,475
commissions,5,475
communities,5,475
computers,5,475
confidence,5,475
consistent,5,475
course,5,475
criminal,5,475
deliver,5,475
depression,5,475
deserve,5,475
dropped,5,475
drought,5,475
employees,5,475
end,5,475
establish,5,475
everything,5,475
executive,5,475
fall,5,475
force,5,475
given,5,475
greatly,5,475
happy,5,475
house,5,475
improving,5,475
incentives,5,475
increasingly,5,475
individuals,5,475
industrial,5,475
information,5,475
intend,5,475
issue,5,475
issues,5,475
january,5,475
join,5,475
lake,5,475
language,5,475
learned,5,475
limited,5,475
looking,5,475
lost,5,475
makes,5,475
marketplace,5,475
met,5,475
months,5,475
mother,5,475
nothing,5,475
objective,5,475
options,5,475
others,5,475
parts,5,475
paul,5,475
pay,5,475
payments,5,475
plant,5,475
pleased,5,475
postsecondary,5,475
prepare,5,475
process,5,475
progress,5,475
prosperity,5,475
protection,5,475
record,5,475
represent,5,475
resource,5,475
restore,5,475
result,5,475
revenues,5,475
review,5,475
saw,5,475
seen,5,475
sessions,5,475
set,5,475
seven,5,475
severe,5,475
shifts,5,475
shortterm,5,475
soon,5,475
speak,5,475
stand,5,475
streamline,5,475
successful,5,475
sure,5,475
talk,5,475
teachers,5,475
teaching,5,475
technical,5,475
ten,5,475
think,5,475
thought,5,475
triplea,5,475
used,5,475
vision,5,475
white,5,475
willing,5,475
within,5,475
achieve,4,583
acid,4,583
addition,4,583
address,4,583
affect,4,583
age,4,583
animals,4,583
appointed,4,583
association,4,583
balanced,4,583
big,4,583
bill,4,583
central,4,583
challenges,4,583
charlie,4,583
childhood,4,583
companies,4,583
conducted,4,583
construction,4,583
creating,4,583
crops,4,583
cutting,4,583
decades,4,583
decided,4,583
demand,4,583
department,4,583
depend,4,583
despair,4,583
district,4,583
dramatic,4,583
effectively,4,583
efficiency,4,583
efficient,4,583
elected,4,583
enacted,4,583
english,4,583
enthusiasm,4,583
established,4,583
expanding,4,583
expansions,4,583
facilities,4,583
far,4,583
february,4,583
fill,4,583
finally,4,583
forms,4,583
free,4,583
goals,4,583
goes,4,583
grade,4,583
graduate,4,583
grown,4,583
headed,4,583
heart,4,583
held,4,583
helping,4,583
however,4,583
increased,4,583
indians,4,583
initiate,4,583
instead,4,583
institutes,4,583
insurance,4,583
interest,4,583
kind,4,583
knowledge,4,583
known,4,583
lack,4,583
largest,4,583
laws,4,583
lead,4,583
leading,4,583
least,4,583
leave,4,583
level,4,583
low,4,583
lunch,4,583
manufacturing,4,583
market,4,583
may,4,583
medical,4,583
midwest,4,583
minneapolis,4,583
munger,4,583
nearly,4,583
needed,4,583
neighborhood,4,583
neighborhoods,4,583
north,4,583
operation,4,583
organizations,4,583
participate,4,583
particular,4,583
particularly,4,583
paying,4,583
perfect,4,583
permanent,4,583
person,4,583
persons,4,583
philosophy,4,583
pine,4,583
plans,4,583
plants,4,583
poised,4,583
present,4,583
preservation,4,583
preserve,4,583
prevention,4,583
priorities,4,583
product,4,583
project,4,583
promises,4,583
proposed,4,583
proven,4,583
provided,4,583
rain,4,583
range,4,583
ranked,4,583
rates,4,583
recession,4,583
recognized,4,583
recommend,4,583
recycling,4,583
reduced,4,583
remarkable,4,583
required,4,583
requires,4,583
road,4,583
save,4,583
sectors,4,583
send,4,583
serve,4,583
shall,4,583
short,4,583
similar,4,583
solve,4,583
source,4,583
spend,4,583
stay,4,583
step,4,583
stop,4,583
strengths,4,583
substantial,4,583
succeed,4,583
suffering,4,583
systems,4,583
taught,4,583
tech,4,583
territory,4,583
test,4,583
testing,4,583
timber,4,583
tough,4,583
towns,4,583
transfer,4,583
trees,4,583
try,4,583
turned,4,583
underway,4,583
unemployed,4,583
union,4,583
united,4,583
upon,4,583
value,4,583
view,4,583
vital,4,583
waste,4,583
welfare,4,583
went,4,583
whether,4,583
winter,4,583
women,4,583
workforce,4,583
accepted,3,756
accomplishments,3,756
account,3,756
addicted,3,756
afford,3,756
agencies,3,756
agency,3,756
air,3,756
alec,3,756
allow,3,756
along,3,756
available,3,756
bags,3,756
balance,3,756
bank,3,756
based,3,756
basis,3,756
beauty,3,756
bills,3,756
biodegradable,3,756
bipartisan,3,756
board,3,756
branches,3,756
brought,3,756
capita,3,756
capitalize,3,756
category,3,756
chance,3,756
childcare,3,756
choose,3,756
chose,3,756
churches,3,756
classroom,3,756
close,3,756
closing,3,756
clothing,3,756
coal,3,756
comes,3,756
coming,3,756
commissioner,3,756
compact,3,756
compassion,3,756
competition,3,756
completed,3,756
component,3,756
computer,3,756
condon,3,756
conservative,3,756
continues,3,756
continuing,3,756
corn,3,756
correct,3,756
costs,3,756
counties,3,756
county,3,756
courageous,3,756
critical,3,756
culture,3,756
currently,3,756
dealers,3,756
debate,3,756
decent,3,756
decisions,3,756
dedicated,3,756
deep,3,756
demands,3,756
destruction,3,756
determination,3,756
devastated,3,756
difference,3,756
direct,3,756
directions,3,756
directly,3,756
drop,3,756
duluth,3,756
effective,3,756
effects,3,756
efficiently,3,756
electrical,3,756
elementary,3,756
embrace,3,756
employed,3,756
employers,3,756
encourage,3,756
ended,3,756
engineering,3,756
enhance,3,756
enter,3,756
equitable,3,756
era,3,756
essence,3,756
evening,3,756
everyone,3,756
executives,3,756
expected,3,756
experience,3,756
fairest,3,756
fairness,3,756
falls,3,756
farms,3,756
father,3,756
feel,3,756
fifty,3,756
final,3,756
finances,3,756
finding,3,756
finland,3,756
firmly,3,756
following,3,756
forced,3,756
foreign,3,756
foresight,3,756
fortunate,3,756
found,3,756
fronts,3,756
fuel,3,756
fulfill,3,756
furbearing,3,756
general,3,756
generation,3,756
global,3,756
got,3,756
greatest,3,756
growing,3,756
happen,3,756
hightechnology,3,756
highway,3,756
homeless,3,756
ibm,3,756
impressive,3,756
include,3,756
increases,3,756
inventory,3,756
issued,3,756
japanese,3,756
jefferson,3,756
jobcreating,3,756
joined,3,756
journeys,3,756
july,3,756
later,3,756
learn,3,756
left,3,756
legislators,3,756
lets,3,756
lottery,3,756
maintain,3,756
majority,3,756
man,3,756
mankato,3,756
massive,3,756
math,3,756
mean,3,756
meeting,3,756
meetings,3,756
minnesotan,3,756
minutes,3,756
momentum,3,756
month,3,756
motor,3,756
moving,3,756
music,3,756
needy,3,756
nightmr,3,756
nonprofit,3,756
normal,3,756
nurture,3,756
offer,3,756
offices,3,756
officials,3,756
opened,3,756
opening,3,756
operations,3,756
optimism,3,756
order,3,756
organized,3,756
outstanding,3,756
parent,3,756
per,3,756
places,3,756
points,3,756
potential,3,756
productivity,3,756
promise,3,756
promotion,3,756
proper,3,756
proposal,3,756
protecting,3,756
provides,3,756
providing,3,756
rainyday,3,756
raise,3,756
raising,3,756
ranking,3,756
rapidly,3,756
reach,3,756
reason,3,756
receive,3,756
recently,3,756
red,3,756
reductions,3,756
region,3,756
regional,3,756
rely,3,756
remaining,3,756
remember,3,756
reorganization,3,756
repeal,3,756
repeatedly,3,756
respond,3,756
results,3,756
returned,3,756
revenue,3,756
risk,3,756
running,3,756
saved,3,756
senator,3,756
series,3,756
serious,3,756
serves,3,756
shelf,3,756
shelter,3,756
show,3,756
side,3,756
simplify,3,756
skills,3,756
social,3,756
solid,3,756
solutions,3,756
something,3,756
south,3,756
speeches,3,756
spent,3,756
spoke,3,756
sports,3,756
stacys,3,756
staff,3,756
starting,3,756
stassen,3,756
stimulate,3,756
street,3,756
structure,3,756
subject,3,756
submit,3,756
suffered,3,756
supercomputer,3,756
superior,3,756
surpluses,3,756
survive,3,756
sweeping,3,756
takes,3,756
taxing,3,756
team,3,756
teamwork,3,756
thoughtful,3,756
thoughts,3,756
told,3,756
tools,3,756
tragic,3,756
travel,3,756
turning,3,756
twothirds,3,756
unacceptable,3,756
unite,3,756
urge,3,756
useful,3,756
various,3,756
visited,3,756
volunteer,3,756
warning,3,756
welcome,3,756
west,3,756
willard,3,756
wish,3,756
woman,3,756
written,3,756
accelerate,2,1032
accepting,2,1032
accomplished,2,1032
accountability,2,1032
accountable,2,1032
acres,2,1032
across,2,1032
active,2,1032
activity,2,1032
add,2,1032
added,2,1032
addiction,2,1032
adversity,2,1032
affected,2,1032
agenda,2,1032
aggressively,2,1032
agriprocessing,2,1032
allows,2,1032
amendment,2,1032
americans,2,1032
americas,2,1032
amount,2,1032
announcing,2,1032
apply,2,1032
appoint,2,1032
appropriate,2,1032
approve,2,1032
art,2,1032
assure,2,1032
attract,2,1032
avti,2,1032
avtis,2,1032
backs,2,1032
balancing,2,1032
bankruptcy,2,1032
barrier,2,1032
bear,2,1032
belief,2,1032
belts,2,1032
bemidji,2,1032
bicentennial,2,1032
billions,2,1032
biotechnology,2,1032
black,2,1032
blessed,2,1032
blizzard,2,1032
blue,2,1032
body,2,1032
bond,2,1032
boom,2,1032
borrowing,2,1032
bottom,2,1032
branch,2,1032
brandls,2,1032
bridge,2,1032
bridges,2,1032
brightest,2,1032
broad,2,1032
bucket,2,1032
budgeting,2,1032
buildings,2,1032
burden,2,1032
bushels,2,1032
calling,2,1032
campus,2,1032
carry,2,1032
carson,2,1032
cash,2,1032
categories,2,1032
census,2,1032
centerpiece,2,1032
centers,2,1032
chairman,2,1032
chamber,2,1032
charles,2,1032
chasing,2,1032
chemical,2,1032
child,2,1032
cite,2,1032
clarify,2,1032
class,2,1032
classifications,2,1032
clearly,2,1032
cloud,2,1032
collections,2,1032
columnist,2,1032
commerce,2,1032
complete,2,1032
compromise,2,1032
concentrate,2,1032
concerned,2,1032
concerns,2,1032
concerted,2,1032
connie,2,1032
considered,2,1032
constant,2,1032
constitution,2,1032
consumer,2,1032
contains,2,1032
contributions,2,1032
cooperative,2,1032
corner,2,1032
cornstarch,2,1032
corporations,2,1032
council,2,1032
courts,2,1032
creative,2,1032
current,2,1032
cuts,2,1032
dare,2,1032
davis,2,1032
debt,2,1032
decide,2,1032
deeply,2,1032
defense,2,1032
deficits,2,1032
degrees,2,1032
delay,2,1032
dependence,2,1032
dependency,2,1032
dependent,2,1032
depends,2,1032
deserves,2,1032
design,2,1032
designed,2,1032
desperately,2,1032
despite,2,1032
destroyed,2,1032
detailed,2,1032
details,2,1032
developing,2,1032
didnt,2,1032
different,2,1032
direction,2,1032
disaster,2,1032
discovery,2,1032
discuss,2,1032
distinguished,2,1032
districts,2,1032
diverse,2,1032
division,2,1032
doors,2,1032
doubled,2,1032
downturns,2,1032
dream,2,1032
drives,2,1032
dropout,2,1032
drugfree,2,1032
dynamic,2,1032
earlier,2,1032
earn,2,1032
earned,2,1032
easy,2,1032
economically,2,1032
edge,2,1032
eight,2,1032
electronics,2,1032
element,2,1032
eligibility,2,1032
eligible,2,1032
elmer,2,1032
else,2,1032
enact,2,1032
endure,2,1032
enforcement,2,1032
engineer,2,1032
ensure,2,1032
entire,2,1032
establishing,2,1032
estimates,2,1032
ethic,2,1032
excitement,2,1032
expect,2,1032
exploitation,2,1032
extend,2,1032
extended,2,1032
extent,2,1032
failure,2,1032
fathers,2,1032
feet,2,1032
fifth,2,1032
fight,2,1032
film,2,1032
finish,2,1032
firms,2,1032
fish,2,1032
fixes,2,1032
flight,2,1032
focused,2,1032
ford,2,1032
foreclosures,2,1032
forefront,2,1032
foremost,2,1032
forest,2,1032
forests,2,1032
forge,2,1032
forming,2,1032
forty,2,1032
fragile,2,1032
friends,2,1032
fuels,2,1032
fully,2,1032
fur,2,1032
gap,2,1032
generated,2,1032
generations,2,1032
genuine,2,1032
geographic,2,1032
getting,2,1032
gives,2,1032
giving,2,1032
governmental,2,1032
graduated,2,1032
graduation,2,1032
grateful,2,1032
greatness,2,1032
groundwater,2,1032
guarantee,2,1032
guarantor,2,1032
habitat,2,1032
handicapped,2,1032
harder,2,1032
harness,2,1032
harold,2,1032
harvard,2,1032
headlines,2,1032
headquartered,2,1032
heads,2,1032
hearings,2,1032
helps,2,1032
holds,2,1032
homes,2,1032
honored,2,1032
hundred,2,1032
hungry,2,1032
illinois,2,1032
imagine,2,1032
implement,2,1032
inaugural,2,1032
includes,2,1032
including,2,1032
increasing,2,1032
infrastructure,2,1032
inheritance,2,1032
initiative,2,1032
ink,2,1032
inquiries,2,1032
institutions,2,1032
introduce,2,1032
iowa,2,1032
ive,2,1032
joint,2,1032
judged,2,1032
judicial,2,1032
keeps,2,1032
kept,2,1032
knows,2,1032
laid,2,1032
landfills,2,1032
lands,2,1032
larger,2,1032
lately,2,1032
launched,2,1032
leaving,2,1032
lessons,2,1032
light,2,1032
lists,2,1032
literature,2,1032
little,2,1032
lived,2,1032
living,2,1032
loan,2,1032
longstanding,2,1032
looked,2,1032
lowered,2,1032
lumberjacks,2,1032
marlene,2,1032
matter,2,1032
maximum,2,1032
meaning,2,1032
meant,2,1032
mediation,2,1032
member,2,1032
messages,2,1032
method,2,1032
metropolitan,2,1032
might,2,1032
miles,2,1032
mill,2,1032
mineland,2,1032
miners,2,1032
minimum,2,1032
minorities,2,1032
mission,2,1032
modern,2,1032
mountain,2,1032
multinational,2,1032
multiply,2,1032
mutual,2,1032
nationally,2,1032
native,2,1032
nature,2,1032
nick,2,1032
nine,2,1032
nobody,2,1032
northern,2,1032
november,2,1032
nurturing,2,1032
objectives,2,1032
official,2,1032
oil,2,1032
openness,2,1032
organization,2,1032
outline,2,1032
overhaul,2,1032
overriding,2,1032
page,2,1032
pages,2,1032
passed,2,1032
passing,2,1032
passport,2,1032
path,2,1032
peat,2,1032
perhaps,2,1032
period,2,1032
perspective,2,1032
physical,2,1032
pioneer,2,1032
plane,2,1032
planted,2,1032
plaque,2,1032
plastic,2,1032
please,2,1032
political,2,1032
poor,2,1032
positions,2,1032
positive,2,1032
poverty,2,1032
practical,2,1032
precious,2,1032
prepared,2,1032
prevent,2,1032
pride,2,1032
principles,2,1032
production,2,1032
projections,2,1032
prosperous,2,1032
providers,2,1032
prudent,2,1032
publicly,2,1032
publicprivate,2,1032
pull,2,1032
purpose,2,1032
quarter,2,1032
questions,2,1032
quick,2,1032
rainy,2,1032
ratings,2,1032
reached,2,1032
read,2,1032
really,2,1032
reasonable,2,1032
rebuilding,2,1032
recipients,2,1032
reclamation,2,1032
recognize,2,1032
recommending,2,1032
records,2,1032
recreation,2,1032
recycle,2,1032
reexamine,2,1032
refinement,2,1032
regulate,2,1032
reinvest,2,1032
relationship,2,1032
relationships,2,1032
remain,2,1032
remains,2,1032
remove,2,1032
renowned,2,1032
repeat,2,1032
replaced,2,1032
representatives,2,1032
request,2,1032
researchers,2,1032
residents,2,1032
resort,2,1032
responded,2,1032
responsive,2,1032
restraint,2,1032
retraining,2,1032
retroactive,2,1032
revitalization,2,1032
revolution,2,1032
rich,2,1032
rochester,2,1032
sacrifice,2,1032
saves,2,1032
scholars,2,1032
sea,2,1032
seat,2,1032
secondary,2,1032
secure,2,1032
seed,2,1032
seek,2,1032
seeking,2,1032
segments,2,1032
selfevaluation,2,1032
selfhelp,2,1032
sell,2,1032
senate,2,1032
senators,2,1032
shared,2,1032
shelves,2,1032
signal,2,1032
significantly,2,1032
simplification,2,1032
simply,2,1032
simultaneously,2,1032
slavery,2,1032
slogans,2,1032
solar,2,1032
spearhead,2,1032
specialized,2,1032
specific,2,1032
speech,2,1032
speed,2,1032
spread,2,1032
spring,2,1032
standards,2,1032
started,2,1032
startup,2,1032
stayed,2,1032
stood,2,1032
straight,2,1032
strategic,2,1032
strengthen,2,1032
stress,2,1032
strike,2,1032
stronger,2,1032
struggling,2,1032
studies,2,1032
suggest,2,1032
sum,2,1032
summer,2,1032
taking,2,1032
talented,2,1032
talked,2,1032
tasks,2,1032
tears,2,1032
technological,2,1032
temporary,2,1032
theme,2,1032
thorough,2,1032
topic,2,1032
torture,2,1032
total,2,1032
traditional,2,1032
transform,2,1032
transit,2,1032
traveling,2,1032
truly,2,1032
truth,2,1032
trying,2,1032
tuition,2,1032
turnaround,2,1032
twenty,2,1032
underpaid,2,1032
understood,2,1032
unique,2,1032
universitys,2,1032
unrelenting,2,1032
utilized,2,1032
variety,2,1032
veto,2,1032
victims,2,1032
vigilant,2,1032
vitality,2,1032
wage,2,1032
waiting,2,1032
wants,2,1032
war,2,1032
waters,2,1032
watlow,2,1032
wherever,2,1032
whose,2,1032
wildlife,2,1032
willingness,2,1032
winds,2,1032
wolfe,2,1032
worker,2,1032
workplace,2,1032
worldrenowned,2,1032
worlds,2,1032
worthy,2,1032
wrote,2,1032
yearold,2,1032
yield,2,1032
abandon,1,1530
abilities,1,1530
ablebodied,1,1530
absolute,1,1530
absorb,1,1530
abundance,1,1530
abuse,1,1530
abused,1,1530
academic,1,1530
accelerates,1,1530
acceptable,1,1530
accommodate,1,1530
accomplishment,1,1530
accounts,1,1530
achieved,1,1530
achievement,1,1530
achievers,1,1530
achieving,1,1530
acted,1,1530
activities,1,1530
adapt,1,1530
addicts,1,1530
adding,1,1530
adds,1,1530
adequate,1,1530
adjust,1,1530
adjusting,1,1530
administrations,1,1530
administrative,1,1530
admiration,1,1530
adopt,1,1530
adopted,1,1530
adopting,1,1530
adoption,1,1530
adult,1,1530
advance,1,1530
advanced,1,1530
advancements,1,1530
advantage,1,1530
adverse,1,1530
adversities,1,1530
advise,1,1530
advocacy,1,1530
affects,1,1530
affirmed,1,1530
affordable,1,1530
afraid,1,1530
aftercare,1,1530
agenciesschools,1,1530
agents,1,1530
ages,1,1530
agree,1,1530
agreed,1,1530
agrinews,1,1530
aids,1,1530
aimed,1,1530
alaskas,1,1530
alcohol,1,1530
alike,1,1530
allen,1,1530
alleviate,1,1530
allout,1,1530
allowing,1,1530
alltime,1,1530
ally,1,1530
almost,1,1530
alter,1,1530
alternativeexcept,1,1530
alternatives,1,1530
although,1,1530
ana,1,1530
analysis,1,1530
analyzing,1,1530
anchor,1,1530
andersons,1,1530
anguish,1,1530
announce,1,1530
announcements,1,1530
answer,1,1530
answered,1,1530
answers,1,1530
anticipate,1,1530
antidrug,1,1530
anton,1,1530
anybody,1,1530
anyone,1,1530
anything,1,1530
anywhere,1,1530
apache,1,1530
apartments,1,1530
apathy,1,1530
apparent,1,1530
appealing,1,1530
appeals,1,1530
appear,1,1530
appears,1,1530
appetite,1,1530
applaud,1,1530
apples,1,1530
appleton,1,1530
applications,1,1530
appointment,1,1530
appointments,1,1530
appreciation,1,1530
apprehension,1,1530
approach,1,1530
appropriations,1,1530
approved,1,1530
argue,1,1530
argued,1,1530
arizona,1,1530
armories,1,1530
aroundtheworld,1,1530
asbestiform,1,1530
aside,1,1530
ason,1,1530
assembly,1,1530
assigned,1,1530
assignments,1,1530
assist,1,1530
assisted,1,1530
associate,1,1530
assume,1,1530
assuring,1,1530
atlantic,1,1530
attempt,1,1530
attend,1,1530
attended,1,1530
attending,1,1530
attitude,1,1530
attorney,1,1530
auditor,1,1530
austere,1,1530
auto,1,1530
automobiles,1,1530
aviation,1,1530
avoid,1,1530
avoiding,1,1530
await,1,1530
awarded,1,1530
awardwinning,1,1530
aware,1,1530
away,1,1530
babbitt,1,1530
backbone,1,1530
backgrounds,1,1530
badly,1,1530
bag,1,1530
bakkens,1,1530
balances,1,1530
ballot,1,1530
banking,1,1530
bankrupt,1,1530
bankruptcies,1,1530
base,1,1530
battle,1,1530
bay,1,1530
beacon,1,1530
beat,1,1530
beaten,1,1530
became,1,1530
becomes,1,1530
becoming,1,1530
befouled,1,1530
beings,1,1530
beleaguered,1,1530
beliefs,1,1530
benson,1,1530
beready,1,1530
beverage,1,1530
bigger,1,1530
bingo,1,1530
biomass,1,1530
biosorb,1,1530
blandins,1,1530
blazed,1,1530
blessing,1,1530
blight,1,1530
blizzards,1,1530
bloomington,1,1530
blow,1,1530
blueribbon,1,1530
boards,1,1530
boise,1,1530
boldly,1,1530
bonding,1,1530
bonds,1,1530
book,1,1530
books,1,1530
bootstraps,1,1530
border,1,1530
borders,1,1530
born,1,1530
borrow,1,1530
bottles,1,1530
bow,1,1530
box,1,1530
brainerd,1,1530
brandl,1,1530
break,1,1530
breakfast,1,1530
breakthroughs,1,1530
bricks,1,1530
bridgebuilding,1,1530
brief,1,1530
bright,1,1530
bringing,1,1530
brink,1,1530
broadbased,1,1530
broader,1,1530
broadway,1,1530
brooklyn,1,1530
brothers,1,1530
budgeted,1,1530
bulging,1,1530
bur,1,1530
burdenand,1,1530
burdens,1,1530
bureau,1,1530
burning,1,1530
california,1,1530
came,1,1530
cameras,1,1530
campuses,1,1530
canadian,1,1530
cans,1,1530
capability,1,1530
capital,1,1530
capsule,1,1530
captures,1,1530
card,1,1530
career,1,1530
careful,1,1530
carefully,1,1530
carel,1,1530
cares,1,1530
caring,1,1530
carrying,1,1530
carved,1,1530
cascade,1,1530
case,1,1530
catalyst,1,1530
catalysts,1,1530
celebrate,1,1530
cent,1,1530
cents,1,1530
centuries,1,1530
certain,1,1530
certainly,1,1530
certificate,1,1530
chair,1,1530
chaired,1,1530
challenged,1,1530
chambers,1,1530
channel,1,1530
channeled,1,1530
chaos,1,1530
character,1,1530
charge,1,1530
charging,1,1530
chasms,1,1530
check,1,1530
cheese,1,1530
cherish,1,1530
chicago,1,1530
choices,1,1530
chosen,1,1530
christian,1,1530
citizen,1,1530
civic,1,1530
claim,1,1530
classes,1,1530
classified,1,1530
classmates,1,1530
classrooms,1,1530
clearer,1,1530
clinic,1,1530
closed,1,1530
closer,1,1530
closings,1,1530
clothes,1,1530
clout,1,1530
coast,1,1530
coin,1,1530
coleman,1,1530
collar,1,1530
colleagues,1,1530
collected,1,1530
colonized,1,1530
column,1,1530
combat,1,1530
combines,1,1530
comfort,1,1530
comment,1,1530
commercial,1,1530
commercialindustrial,1,1530
commitments,1,1530
committedto,1,1530
committee,1,1530
compared,1,1530
compassionate,1,1530
compassionately,1,1530
compatibility,1,1530
compatible,1,1530
compete,1,1530
competitionthe,1,1530
complacent,1,1530
complained,1,1530
complaints,1,1530
completion,1,1530
complicated,1,1530
components,1,1530
conceivable,1,1530
concentrated,1,1530
concentrates,1,1530
concentrating,1,1530
concept,1,1530
concern,1,1530
conclusion,1,1530
concordia,1,1530
condition,1,1530
conditions,1,1530
conduct,1,1530
conference,1,1530
confident,1,1530
confirm,1,1530
conflict,1,1530
confronted,1,1530
congratulate,1,1530
congressmen,1,1530
consensus,1,1530
consequences,1,1530
conservancy,1,1530
conserve,1,1530
consideration,1,1530
considering,1,1530
consistently,1,1530
consolation,1,1530
consolidate,1,1530
consolidation,1,1530
constantly,1,1530
consume,1,1530
consumers,1,1530
consumes,1,1530
contagious,1,1530
containers,1,1530
contamination,1,1530
continually,1,1530
contrast,1,1530
contribution,1,1530
controlling,1,1530
controls,1,1530
cook,1,1530
cooperate,1,1530
coordinate,1,1530
coordination,1,1530
cope,1,1530
core,1,1530
corne,1,1530
cornerand,1,1530
cornerstone,1,1530
corridor,1,1530
costeffective,1,1530
couldnt,1,1530
counterpart,1,1530
counting,1,1530
countries,1,1530
coupled,1,1530
courage,1,1530
cover,1,1530
crack,1,1530
crackling,1,1530
crash,1,1530
craving,1,1530
crays,1,1530
creators,1,1530
credibility,1,1530
credits,1,1530
crime,1,1530
criminals,1,1530
crippling,1,1530
crowded,1,1530
crown,1,1530
crumbling,1,1530
cry,1,1530
cubic,1,1530
cultures,1,1530
curriculum,1,1530
cushion,1,1530
cycle,1,1530
cycles,1,1530
damaged,1,1530
damaging,1,1530
daring,1,1530
date,1,1530
dave,1,1530
dawn,1,1530
dawson,1,1530
dealt,1,1530
death,1,1530
debated,1,1530
debts,1,1530
decade,1,1530
decision,1,1530
decisionmakers,1,1530
decisively,1,1530
declined,1,1530
declines,1,1530
dedicate,1,1530
defeat,1,1530
defined,1,1530
deliberations,1,1530
delivered,1,1530
delivering,1,1530
delivery,1,1530
deluxe,1,1530
denied,1,1530
denominator,1,1530
departments,1,1530
departure,1,1530
dependability,1,1530
deposit,1,1530
depressed,1,1530
deregulation,1,1530
describe,1,1530
described,1,1530
designing,1,1530
desires,1,1530
desperate,1,1530
desperation,1,1530
destiny,1,1530
destroy,1,1530
detail,1,1530
determining,1,1530
developments,1,1530
develops,1,1530
devices,1,1530
dialogue,1,1530
difficulties,1,1530
difficulty,1,1530
dig,1,1530
dignity,1,1530
diploma,1,1530
disappear,1,1530
disappointment,1,1530
discard,1,1530
discipline,1,1530
discover,1,1530
discovered,1,1530
discrimination,1,1530
discussion,1,1530
discussions,1,1530
diseases,1,1530
dislocated,1,1530
distance,1,1530
distribute,1,1530
districtbydistrict,1,1530
disturbed,1,1530
diversification,1,1530
dividends,1,1530
divisions,1,1530
doers,1,1530
doesnt,1,1530
dollarstretching,1,1530
donhowe,1,1530
double,1,1530
doubt,1,1530
doubts,1,1530
drain,1,1530
dramatically,1,1530
drastically,1,1530
draw,1,1530
dreamed,1,1530
dreams,1,1530
drive,1,1530
dropouts,1,1530
droppin,1,1530
dropping,1,1530
due,1,1530
dump,1,1530
dumping,1,1530
dumps,1,1530
duo,1,1530
durable,1,1530
durenberger,1,1530
dusk,1,1530
dwell,1,1530
eaders,1,1530
eagan,1,1530
earl,1,1530
earmarked,1,1530
earner,1,1530
earning,1,1530
earnings,1,1530
ease,1,1530
easing,1,1530
eat,1,1530
eating,1,1530
economics,1,1530
economies,1,1530
edcation,1,1530
edges,1,1530
edina,1,1530
educate,1,1530
educated,1,1530
edward,1,1530
effect,1,1530
eighth,1,1530
either,1,1530
elderly,1,1530
election,1,1530
elections,1,1530
electric,1,1530
elements,1,1530
eleven,1,1530
eliminate,1,1530
elsewhere,1,1530
embedded,1,1530
emergencies,1,1530
emergency,1,1530
emerging,1,1530
emphasized,1,1530
employer,1,1530
empty,1,1530
enable,1,1530
encouraged,1,1530
encouraging,1,1530
endangered,1,1530
ending,1,1530
endorse,1,1530
endorsed,1,1530
energies,1,1530
engine,1,1530
england,1,1530
enhanced,1,1530
enjoy,1,1530
enormous,1,1530
enrich,1,1530
enrolling,1,1530
enrollment,1,1530
enrollments,1,1530
ensures,1,1530
entered,1,1530
enterprise,1,1530
enterprises,1,1530
entertain,1,1530
envision,1,1530
equal,1,1530
equity,1,1530
especially,1,1530
essential,1,1530
estate,1,1530
eta,1,1530
eternally,1,1530
ethnic,1,1530
evaluate,1,1530
eveleth,1,1530
everybodys,1,1530
evict,1,1530
evident,1,1530
exactly,1,1530
except,1,1530
exceptional,1,1530
excise,1,1530
excited,1,1530
exemplified,1,1530
exist,1,1530
expectations,1,1530
expenditures,1,1530
expense,1,1530
experienced,1,1530
experiences,1,1530
experiencing,1,1530
experiments,1,1530
exporting,1,1530
exports,1,1530
expresses,1,1530
extends,1,1530
extra,1,1530
extreme,1,1530
extremely,1,1530
eyes,1,1530
faced,1,1530
faces,1,1530
facilitate,1,1530
facility,1,1530
facing,1,1530
factory,1,1530
faculty,1,1530
fairmont,1,1530
faith,1,1530
faithful,1,1530
fallen,1,1530
familiar,1,1530
farming,1,1530
farreaching,1,1530
farther,1,1530
farthestreaching,1,1530
fashion,1,1530
fast,1,1530
fat,1,1530
favorable,1,1530
feat,1,1530
fee,1,1530
feed,1,1530
fiberite,1,1530
fibers,1,1530
field,1,1530
fierce,1,1530
fighting,1,1530
figure,1,1530
filled,1,1530
filling,1,1530
financially,1,1530
fine,1,1530
finest,1,1530
fires,1,1530
firstclass,1,1530
firstrate,1,1530
fishing,1,1530
fit,1,1530
fitness,1,1530
fiveyearolds,1,1530
flagship,1,1530
flashy,1,1530
flaw,1,1530
flexibility,1,1530
flexible,1,1530
flourishing,1,1530
flow,1,1530
flows,1,1530
follow,1,1530
follows,1,1530
followup,1,1530
followups,1,1530
football,1,1530
forces,1,1530
forcing,1,1530
forever,1,1530
forged,1,1530
forget,1,1530
formula,1,1530
forth,1,1530
forwardlooking,1,1530
fossil,1,1530
foster,1,1530
fostering,1,1530
fought,1,1530
foundations,1,1530
fourandahalf,1,1530
fourteen,1,1530
fouryear,1,1530
frankly,1,1530
freeways,1,1530
fresh,1,1530
fulfilling,1,1530
fulfillment,1,1530
fuller,1,1530
function,1,1530
functions,1,1530
furs,1,1530
furthermore,1,1530
gain,1,1530
gains,1,1530
gaming,1,1530
garage,1,1530
gas,1,1530
gasohol,1,1530
gave,1,1530
generate,1,1530
gentlemen,1,1530
gerald,1,1530
germany,1,1530
giant,1,1530
gifted,1,1530
gleam,1,1530
globally,1,1530
goa,1,1530
golden,1,1530
gonebecause,1,1530
gorbachev,1,1530
graduates,1,1530
graduating,1,1530
grain,1,1530
grandchildren,1,1530
grant,1,1530
granted,1,1530
granting,1,1530
graphic,1,1530
gratitude,1,1530
green,1,1530
greyhound,1,1530
grow,1,1530
guarantees,1,1530
guard,1,1530
gubernatorial,1,1530
guests,1,1530
guidance,1,1530
hailed,1,1530
hampered,1,1530
hand,1,1530
handinhand,1,1530
hands,1,1530
happening,1,1530
harbor,1,1530
harbors,1,1530
harden,1,1530
hardest,1,1530
hardpressed,1,1530
hardship,1,1530
hardworking,1,1530
harnesses,1,1530
harvested,1,1530
harvests,1,1530
hasnt,1,1530
hassle,1,1530
haveidentified,1,1530
havenots,1,1530
havent,1,1530
haver,1,1530
haves,1,1530
hazelden,1,1530
headon,1,1530
headquarters,1,1530
healthiest,1,1530
hearing,1,1530
heartache,1,1530
heartfelt,1,1530
heat,1,1530
heating,1,1530
heavily,1,1530
hectic,1,1530
heed,1,1530
heights,1,1530
heroes,1,1530
highb,1,1530
highestquality,1,1530
highlights,1,1530
highly,1,1530
highpaying,1,1530
hightax,1,1530
hightech,1,1530
highways,1,1530
hire,1,1530
hit,1,1530
holiday,1,1530
homesteads,1,1530
hometown,1,1530
homework,1,1530
hone,1,1530
honest,1,1530
honestly,1,1530
honeywell,1,1530
hopeful,1,1530
hopes,1,1530
horizon,1,1530
horizons,1,1530
hospital,1,1530
hospitality,1,1530
host,1,1530
hour,1,1530
hours,1,1530
houses,1,1530
housing,1,1530
hub,1,1530
hubs,1,1530
huge,1,1530
hundreds,1,1530
hurdles,1,1530
hydro,1,1530
ida,1,1530
idaho,1,1530
idea,1,1530
ideal,1,1530
identify,1,1530
illness,1,1530
illustration,1,1530
imagination,1,1530
imaginatively,1,1530
imbalances,1,1530
immense,1,1530
immigrants,1,1530
impact,1,1530
impaired,1,1530
impairing,1,1530
importance,1,1530
importantly,1,1530
imports,1,1530
impressed,1,1530
improvement,1,1530
inauguration,1,1530
included,1,1530
incomes,1,1530
independence,1,1530
individualized,1,1530
inducement,1,1530
industrious,1,1530
inexhaustible,1,1530
inflation,1,1530
influence,1,1530
informationbased,1,1530
informed,1,1530
ingenuity,1,1530
ingredients,1,1530
initiated,1,1530
injured,1,1530
innovation,1,1530
inside,1,1530
insights,1,1530
insignificant,1,1530
insist,1,1530
insists,1,1530
inspire,1,1530
institutionalized,1,1530
instructed,1,1530
instructions,1,1530
insure,1,1530
insures,1,1530
intends,1,1530
intensify,1,1530
intensive,1,1530
interests,1,1530
interject,1,1530
investing,1,1530
invite,1,1530
inviting,1,1530
involve,1,1530
involved,1,1530
involvement,1,1530
involving,1,1530
isnt,1,1530
janklow,1,1530
japans,1,1530
jewel,1,1530
jobless,1,1530
jobslost,1,1530
john,1,1530
johnson,1,1530
joy,1,1530
judge,1,1530
judges,1,1530
jumped,1,1530
june,1,1530
junior,1,1530
junkyards,1,1530
justices,1,1530
justifiably,1,1530
keeping,1,1530
kindergarten,1,1530
knew,1,1530
lab,1,1530
ladies,1,1530
lag,1,1530
laidoff,1,1530
landlords,1,1530
large,1,1530
lasers,1,1530
late,1,1530
latimer,1,1530
launch,1,1530
launching,1,1530
layout,1,1530
lays,1,1530
leads,1,1530
league,1,1530
lean,1,1530
leap,1,1530
lease,1,1530
led,1,1530
legislate,1,1530
legislation,1,1530
legislator,1,1530
length,1,1530
lesson,1,1530
letter,1,1530
letting,1,1530
leveraging,1,1530
levi,1,1530
liability,1,1530
lie,1,1530
lies,1,1530
lifelong,1,1530
lifetime,1,1530
lifted,1,1530
lindbergh,1,1530
lindberghwhose,1,1530
link,1,1530
lippman,1,1530
list,1,1530
listen,1,1530
listening,1,1530
listens,1,1530
literacy,1,1530
literally,1,1530
lithe,1,1530
loans,1,1530
locally,1,1530
location,1,1530
loger,1,1530
loneliness,1,1530
looks,1,1530
looming,1,1530
loopholes,1,1530
lose,1,1530
losing,1,1530
loss,1,1530
lot,1,1530
louis,1,1530
louisiana,1,1530
loved,1,1530
lowgrade,1,1530
lowincome,1,1530
lumber,1,1530
luxury,1,1530
magnets,1,1530
magnificent,1,1530
maintained,1,1530
maintaining,1,1530
maintenance,1,1530
majestic,1,1530
manage,1,1530
managers,1,1530
manner,1,1530
manpower,1,1530
manufacture,1,1530
march,1,1530
marginal,1,1530
mark,1,1530
marketable,1,1530
marketed,1,1530
marketing,1,1530
marshall,1,1530
martin,1,1530
mary,1,1530
massachusetts,1,1530
match,1,1530
matches,1,1530
mathematics,1,1530
matters,1,1530
mayo,1,1530
mayor,1,1530
mayors,1,1530
mcknight,1,1530
meaningful,1,1530
measures,1,1530
meat,1,1530
mecca,1,1530
mechanical,1,1530
medicine,1,1530
mediocre,1,1530
medtronic,1,1530
meets,1,1530
membership,1,1530
mental,1,1530
mere,1,1530
merely,1,1530
merits,1,1530
methods,1,1530
metrodome,1,1530
middlevalue,1,1530
midpoint,1,1530
midst,1,1530
midwestern,1,1530
migi,1,1530
millions,1,1530
mind,1,1530
minds,1,1530
mined,1,1530
miner,1,1530
mineral,1,1530
minerals,1,1530
mines,1,1530
minesand,1,1530
minne,1,1530
minnesotabased,1,1530
minnesotajobs,1,1530
minnesotawisconsin,1,1530
minntac,1,1530
minority,1,1530
missing,1,1530
mode,1,1530
modernization,1,1530
modest,1,1530
moe,1,1530
moment,1,1530
mondale,1,1530
monday,1,1530
monitor,1,1530
moorhead,1,1530
mortar,1,1530
mortgage,1,1530
mothers,1,1530
motorcycles,1,1530
mountains,1,1530
moved,1,1530
mover,1,1530
muchneeded,1,1530
multiplicity,1,1530
mure,1,1530
named,1,1530
names,1,1530
naming,1,1530
narrow,1,1530
nasa,1,1530
nationss,1,1530
naturalist,1,1530
nearby,1,1530
negative,1,1530
neglected,1,1530
neighboring,1,1530
neighbors,1,1530
neil,1,1530
net,1,1530
network,1,1530
nevertheless,1,1530
newest,1,1530
newly,1,1530
newspaper,1,1530
nicholas,1,1530
nightmare,1,1530
nightmares,1,1530
ninepointnine,1,1530
nobility,1,1530
noble,1,1530
nondegradable,1,1530
none,1,1530
nonfaculty,1,1530
nontraditional,1,1530
nonviolent,1,1530
normally,1,1530
northeastern,1,1530
norwegian,1,1530
nostalgia,1,1530
numerous,1,1530
oath,1,1530
observers,1,1530
occurred,1,1530
occurs,1,1530
october,1,1530
offered,1,1530
often,1,1530
onefifth,1,1530
onepage,1,1530
ones,1,1530
ongoing,1,1530
openings,1,1530
openly,1,1530
operate,1,1530
operated,1,1530
operates,1,1530
operating,1,1530
opposite,1,1530
opposition,1,1530
optimistic,1,1530
organizational,1,1530
organize,1,1530
oslo,1,1530
outdoor,1,1530
outlined,1,1530
outposts,1,1530
output,1,1530
overall,1,1530
overcome,1,1530
overdue,1,1530
overflowing,1,1530
overhauled,1,1530
overloaded,1,1530
overwhelmed,1,1530
overwhelmingly,1,1530
pace,1,1530
pacemaker,1,1530
pacific,1,1530
package,1,1530
paper,1,1530
papers,1,1530
paris,1,1530
park,1,1530
participant,1,1530
participation,1,1530
partner,1,1530
parttime,1,1530
pass,1,1530
passage,1,1530
patterns,1,1530
pave,1,1530
paved,1,1530
paves,1,1530
payasyougo,1,1530
payoff,1,1530
payroll,1,1530
pays,1,1530
peers,1,1530
peirce,1,1530
pelts,1,1530
penalize,1,1530
penalties,1,1530
pennsylvania,1,1530
percentage,1,1530
perception,1,1530
perform,1,1530
performing,1,1530
permission,1,1530
permit,1,1530
perpetuated,1,1530
perpich,1,1530
pervasive,1,1530
petroleum,1,1530
phase,1,1530
picked,1,1530
piece,1,1530
piecemeal,1,1530
pieces,1,1530
pioneered,1,1530
pioneering,1,1530
pitched,1,1530
pivotal,1,1530
placed,1,1530
placing,1,1530
planned,1,1530
planting,1,1530
plastics,1,1530
pledged,1,1530
pledging,1,1530
plenty,1,1530
plunged,1,1530
pockets,1,1530
poetry,1,1530
police,1,1530
politics,1,1530
pollution,1,1530
population,1,1530
portion,1,1530
pose,1,1530
positioned,1,1530
positioning,1,1530
positively,1,1530
possess,1,1530
possessions,1,1530
possibility,1,1530
postindustrial,1,1530
potach,1,1530
potatoes,1,1530
powers,1,1530
practice,1,1530
prairies,1,1530
preceded,1,1530
predicting,1,1530
preeminent,1,1530
preferences,1,1530
pregnancy,1,1530
preparing,1,1530
prerogative,1,1530
prescription,1,1530
presented,1,1530
preserved,1,1530
pressdispatch,1,1530
pressing,1,1530
pressure,1,1530
prevailing,1,1530
previous,1,1530
prices,1,1530
pricing,1,1530
prime,1,1530
printed,1,1530
printing,1,1530
prison,1,1530
prisons,1,1530
probation,1,1530
proceeds,1,1530
processing,1,1530
procure,1,1530
produced,1,1530
produces,1,1530
producing,1,1530
professional,1,1530
profit,1,1530
profitable,1,1530
profits,1,1530
profound,1,1530
progressive,1,1530
progresswith,1,1530
projects,1,1530
prominent,1,1530
promised,1,1530
promote,1,1530
promoting,1,1530
prompted,1,1530
prompting,1,1530
proportionate,1,1530
prosper,1,1530
prove,1,1530
provider,1,1530
prudential,1,1530
prune,1,1530
publications,1,1530
publish,1,1530
published,1,1530
pulling,1,1530
pulls,1,1530
pump,1,1530
pure,1,1530
purposes,1,1530
pursuits,1,1530
putting,1,1530
question,1,1530
quickfix,1,1530
quickly,1,1530
quie,1,1530
quiet,1,1530
quietly,1,1530
quit,1,1530
quite,1,1530
quote,1,1530
racing,1,1530
raged,1,1530
raging,1,1530
raiding,1,1530
rail,1,1530
railroad,1,1530
raised,1,1530
rank,1,1530
ranks,1,1530
reaching,1,1530
react,1,1530
reads,1,1530
reagan,1,1530
realistic,1,1530
realize,1,1530
reap,1,1530
reasons,1,1530
rebuild,1,1530
recite,1,1530
recommendation,1,1530
recommended,1,1530
recovered,1,1530
recreational,1,1530
recurring,1,1530
recycled,1,1530
reeducation,1,1530
reeling,1,1530
reevaluate,1,1530
reevaluating,1,1530
reexamination,1,1530
refer,1,1530
references,1,1530
referring,1,1530
reforming,1,1530
regain,1,1530
regaining,1,1530
regions,1,1530
regular,1,1530
regulation,1,1530
regulations,1,1530
related,1,1530
relating,1,1530
relations,1,1530
relatively,1,1530
reliance,1,1530
relief,1,1530
religions,1,1530
remained,1,1530
remind,1,1530
remindful,1,1530
renew,1,1530
renewed,1,1530
rental,1,1530
reorganize,1,1530
repaid,1,1530
repairing,1,1530
repeated,1,1530
replace,1,1530
replanted,1,1530
reporting,1,1530
representation,1,1530
represents,1,1530
reputation,1,1530
requests,1,1530
requiring,1,1530
researchdriven,1,1530
residence,1,1530
residences,1,1530
residues,1,1530
resisting,1,1530
resolve,1,1530
resourcelake,1,1530
respectfully,1,1530
responds,1,1530
response,1,1530
responsibility,1,1530
responsible,1,1530
responsibly,1,1530
responsiveness,1,1530
restored,1,1530
restructured,1,1530
rests,1,1530
resulted,1,1530
retaining,1,1530
retarding,1,1530
retired,1,1530
retrain,1,1530
retreat,1,1530
return,1,1530
returning,1,1530
revamping,1,1530
revision,1,1530
revitalize,1,1530
revitalized,1,1530
rid,1,1530
rides,1,1530
rights,1,1530
rise,1,1530
robust,1,1530
rockets,1,1530
roger,1,1530
rolls,1,1530
sabo,1,1530
saddens,1,1530
safeguard,1,1530
sailing,1,1530
salaries,1,1530
sale,1,1530
sales,1,1530
salesman,1,1530
sanborn,1,1530
sandpaper,1,1530
sane,1,1530
satisfactionof,1,1530
satisfied,1,1530
savage,1,1530
savings,1,1530
savvy,1,1530
saying,1,1530
schedule,1,1530
scholar,1,1530
scholarship,1,1530
schoolaged,1,1530
scientifically,1,1530
scope,1,1530
score,1,1530
scrub,1,1530
seams,1,1530
search,1,1530
searching,1,1530
season,1,1530
seated,1,1530
section,1,1530
security,1,1530
seeds,1,1530
seeing,1,1530
seems,1,1530
segment,1,1530
selected,1,1530
selective,1,1530
selfconfidence,1,1530
selfpreservation,1,1530
selfsufficiency,1,1530
selling,1,1530
sending,1,1530
senior,1,1530
sent,1,1530
sentencing,1,1530
separate,1,1530
seriously,1,1530
serving,1,1530
settle,1,1530
seventy,1,1530
severely,1,1530
sewage,1,1530
shaken,1,1530
shaping,1,1530
sharing,1,1530
shelters,1,1530
shes,1,1530
shield,1,1530
shields,1,1530
shifting,1,1530
shoreview,1,1530
shortchange,1,1530
showed,1,1530
shows,1,1530
shunted,1,1530
sides,1,1530
significant,1,1530
signs,1,1530
sigurd,1,1530
silence,1,1530
silver,1,1530
simplified,1,1530
siting,1,1530
sitings,1,1530
sixteen,1,1530
sixty,1,1530
sixtyfive,1,1530
skill,1,1530
skilled,1,1530
slayton,1,1530
slipping,1,1530
slowly,1,1530
smaller,1,1530
smallest,1,1530
smart,1,1530
soften,1,1530
sold,1,1530
solely,1,1530
solidify,1,1530
solution,1,1530
son,1,1530
songs,1,1530
soninlaw,1,1530
sota,1,1530
southeastern,1,1530
southwest,1,1530
soviet,1,1530
soybeanbased,1,1530
soybeans,1,1530
space,1,1530
spaces,1,1530
sparkling,1,1530
spawned,1,1530
specifically,1,1530
spiritthat,1,1530
spoken,1,1530
sponsors,1,1530
springfield,1,1530
sputtering,1,1530
square,1,1530
squarely,1,1530
staggered,1,1530
stake,1,1530
standing,1,1530
stands,1,1530
star,1,1530
stark,1,1530
startups,1,1530
statefederal,1,1530
statement,1,1530
statements,1,1530
stateowned,1,1530
statewide,1,1530
stating,1,1530
steels,1,1530
stewardship,1,1530
stock,1,1530
stockholders,1,1530
strategically,1,1530
streamlining,1,1530
streets,1,1530
strengthened,1,1530
strengthens,1,1530
stressed,1,1530
stretched,1,1530
strides,1,1530
strive,1,1530
strived,1,1530
striving,1,1530
strongerb,1,1530
strongest,1,1530
strongly,1,1530
struck,1,1530
structural,1,1530
struggle,1,1530
student,1,1530
studying,1,1530
subjects,1,1530
submitted,1,1530
substance,1,1530
substantially,1,1530
succeeded,1,1530
successes,1,1530
suffer,1,1530
suggestion,1,1530
suggestions,1,1530
suited,1,1530
summed,1,1530
supercomputers,1,1530
superfund,1,1530
superpower,1,1530
supervised,1,1530
supply,1,1530
supported,1,1530
supportive,1,1530
surefire,1,1530
surface,1,1530
surgical,1,1530
surplus,1,1530
surprise,1,1530
surprising,1,1530
surtax,1,1530
survey,1,1530
survival,1,1530
sustain,1,1530
sustainable,1,1530
swamp,1,1530
swift,1,1530
swings,1,1530
tackling,1,1530
tailings,1,1530
talents,1,1530
tape,1,1530
tapping,1,1530
tasty,1,1530
taxreducing,1,1530
teacher,1,1530
teams,1,1530
techniques,1,1530
technologybased,1,1530
teenage,1,1530
telecommunications,1,1530
temperatures,1,1530
tenants,1,1530
tens,1,1530
terrible,1,1530
testify,1,1530
themes,1,1530
theres,1,1530
theyre,1,1530
thin,1,1530
things,1,1530
thinkers,1,1530
thinking,1,1530
thoughtfulness,1,1530
thousand,1,1530
thread,1,1530
threat,1,1530
threatened,1,1530
threepart,1,1530
threshold,1,1530
ties,1,1530
tighten,1,1530
tightened,1,1530
tires,1,1530
togeter,1,1530
tom,1,1530
tons,1,1530
toptobottom,1,1530
totally,1,1530
totals,1,1530
touched,1,1530
tougher,1,1530
town,1,1530
townstretched,1,1530
toxic,1,1530
track,1,1530
traffic,1,1530
tragedies,1,1530
tragedy,1,1530
trail,1,1530
transferring,1,1530
transformation,1,1530
transforming,1,1530
transition,1,1530
translate,1,1530
transportation,1,1530
traveled,1,1530
treasury,1,1530
treat,1,1530
treated,1,1530
treating,1,1530
tremendous,1,1530
tribune,1,1530
tribute,1,1530
tried,1,1530
triple,1,1530
trouble,1,1530
true,1,1530
turns,1,1530
tutoring,1,1530
twelve,1,1530
twentyfirst,1,1530
twice,1,1530
twoeconomy,1,1530
umd,1,1530
unanticipated,1,1530
uncertainty,1,1530
undergo,1,1530
undergraduate,1,1530
underground,1,1530
underscore,1,1530
undertake,1,1530
unfair,1,1530
unfortunately,1,1530
unification,1,1530
unified,1,1530
unions,1,1530
unitary,1,1530
universal,1,1530
unknown,1,1530
unless,1,1530
untiringly,1,1530
upacpa,1,1530
upgrade,1,1530
upgraded,1,1530
uphold,1,1530
urban,1,1530
urged,1,1530
urgent,1,1530
urgently,1,1530
users,1,1530
uses,1,1530
usually,1,1530
utilization,1,1530
utmost,1,1530
vadnais,1,1530
valued,1,1530
values,1,1530
vast,1,1530
vehicle,1,1530
vehicles,1,1530
venture,1,1530
veteran,1,1530
vetoes,1,1530
vice,1,1530
viewed,1,1530
vigilance,1,1530
vigorous,1,1530
villages,1,1530
violence,1,1530
virtually,1,1530
visit,1,1530
visiting,1,1530
visualize,1,1530
vocational,1,1530
vocationaltechnical,1,1530
voice,1,1530
voices,1,1530
voluntary,1,1530
volunteered,1,1530
votes,1,1530
voyage,1,1530
voyager,1,1530
wages,1,1530
wall,1,1530
walter,1,1530
wanted,1,1530
warm,1,1530
wars,1,1530
wastewater,1,1530
wasting,1,1530
watches,1,1530
watching,1,1530
wave,1,1530
weaken,1,1530
weaknesses,1,1530
weatherize,1,1530
welleducated,1,1530
wellspring,1,1530
wendell,1,1530
whatever,1,1530
whenever,1,1530
whereby,1,1530
whittier,1,1530
whole,1,1530
willet,1,1530
willmar,1,1530
windfall,1,1530
window,1,1530
wisconsin,1,1530
wisdom,1,1530
witnessing,1,1530
wonder,1,1530
wonderful,1,1530
wont,1,1530
woodland,1,1530
word,1,1530
worldclass,1,1530
worst,1,1530
worthington,1,1530
wrestle,1,1530
yale,1,1530
yards,1,1530
yearswe,1,1530
york,1,1530
youve,1,1530
