quiewords,quiecount,quierank
will,143,1
state,96,2
must,57,3
minnesota,47,4
government,46,5
million,38,6
energy,36,7
local,36,7
can,32,9
people,30,10
tax,30,10
propose,25,12
percent,23,13
public,23,13
states,23,13
also,21,16
program,21,16
system,21,16
work,21,16
future,20,20
session,20,20
taxes,20,20
good,19,23
make,19,23
minnesotas,19,23
year,19,23
federal,18,27
jobs,18,27
one,18,27
income,17,30
now,17,30
legislative,15,32
legislature,15,32
new,15,32
recommend,15,32
years,15,32
next,14,37
increase,13,38
let,13,38
rate,13,38
services,13,38
first,12,42
proposal,12,42
budget,11,44
come,11,44
costs,11,44
economic,11,44
fuel,11,44
fund,11,44
great,11,44
job,11,44
just,11,44
last,11,44
many,11,44
private,11,44
resources,11,44
responsibility,11,44
school,11,44
society,11,44
spending,11,44
way,11,44
well,11,44
changes,10,63
development,10,63
education,10,63
environmental,10,63
governments,10,63
greater,10,63
inflation,10,63
legislation,10,63
less,10,63
need,10,63
oil,10,63
programs,10,63
property,10,63
proposals,10,63
support,10,63
technology,10,63
want,10,63
continue,9,80
done,9,80
encourage,9,80
help,9,80
issues,9,80
made,9,80
months,9,80
provide,9,80
revenues,9,80
schools,9,80
take,9,80
time,9,80
yes,9,80
citizens,8,93
conservation,8,93
current,8,93
efforts,8,93
free,8,93
get,8,93
homes,8,93
important,8,93
increased,8,93
know,8,93
look,8,93
may,8,93
meet,8,93
minnesotans,8,93
nation,8,93
past,8,93
process,8,93
revenue,8,93
sector,8,93
seek,8,93
third,8,93
three,8,93
transportation,8,93
ways,8,93
workers,8,93
aid,7,118
amendment,7,118
believe,7,118
certain,7,118
communities,7,118
enforcement,7,118
funding,7,118
high,7,118
indexing,7,118
keep,7,118
mandates,7,118
needs,7,118
officials,7,118
projected,7,118
relationship,7,118
report,7,118
research,7,118
role,7,118
sales,7,118
see,7,118
times,7,118
two,7,118
without,7,118
additional,6,141
agricultural,6,141
asked,6,141
beyond,6,141
change,6,141
credit,6,141
demand,6,141
difficult,6,141
drivers,6,141
end,6,141
fall,6,141
families,6,141
fellow,6,141
fiscal,6,141
given,6,141
impact,6,141
improve,6,141
industries,6,141
industry,6,141
major,6,141
national,6,141
opportunity,6,141
part,6,141
pay,6,141
per,6,141
personal,6,141
planning,6,141
problems,6,141
production,6,141
quality,6,141
recession,6,141
rise,6,141
second,6,141
share,6,141
able,5,175
action,5,175
actions,5,175
another,5,175
area,5,175
assistance,5,175
assure,5,175
back,5,175
begin,5,175
better,5,175
biennium,5,175
billion,5,175
call,5,175
care,5,175
center,5,175
cities,5,175
commitment,5,175
cost,5,175
crude,5,175
cut,5,175
decisions,5,175
different,5,175
district,5,175
drinking,5,175
economy,5,175
employees,5,175
even,5,175
every,5,175
expect,5,175
fact,5,175
find,5,175
five,5,175
general,5,175
highway,5,175
home,5,175
increases,5,175
individual,5,175
larger,5,175
law,5,175
lives,5,175
maintaining,5,175
market,5,175
members,5,175
officers,5,175
possible,5,175
potential,5,175
receive,5,175
recognize,5,175
reduce,5,175
remember,5,175
review,5,175
task,5,175
total,5,175
waste,5,175
water,5,175
within,5,175
world,5,175
adequate,4,232
ago,4,232
already,4,232
areas,4,232
average,4,232
balance,4,232
basic,4,232
become,4,232
best,4,232
business,4,232
cause,4,232
coming,4,232
committee,4,232
compensation,4,232
concern,4,232
constitutional,4,232
contributions,4,232
crisis,4,232
cutback,4,232
department,4,232
disposal,4,232
districts,4,232
dollar,4,232
enough,4,232
environment,4,232
equity,4,232
faster,4,232
four,4,232
fourth,4,232
gas,4,232
give,4,232
goal,4,232
growth,4,232
heating,4,232
improvements,4,232
incomes,4,232
information,4,232
initiatives,4,232
kind,4,232
largest,4,232
lead,4,232
level,4,232
levy,4,232
limits,4,232
means,4,232
men,4,232
mind,4,232
much,4,232
necessary,4,232
pelra,4,232
plan,4,232
raise,4,232
rates,4,232
rather,4,232
recommendations,4,232
reduced,4,232
reserves,4,232
responsibilities,4,232
ridesharing,4,232
roads,4,232
short,4,232
significantly,4,232
since,4,232
start,4,232
steps,4,232
strong,4,232
stronger,4,232
substantial,4,232
therefore,4,232
timber,4,232
together,4,232
united,4,232
university,4,232
use,4,232
value,4,232
women,4,232
act,3,308
actual,3,308
addition,3,308
affairs,3,308
agriculture,3,308
aids,3,308
allow,3,308
alternative,3,308
aspire,3,308
assist,3,308
associate,3,308
based,3,308
benefit,3,308
bill,3,308
board,3,308
bring,3,308
businesses,3,308
campaign,3,308
capital,3,308
chief,3,308
city,3,308
clearly,3,308
climate,3,308
commercialindustrial,3,308
commission,3,308
community,3,308
companies,3,308
competitive,3,308
comprehensive,3,308
conserve,3,308
conserving,3,308
control,3,308
cooperate,3,308
copper,3,308
corporate,3,308
counties,3,308
course,3,308
create,3,308
creation,3,308
days,3,308
develop,3,308
developed,3,308
discretion,3,308
distinguished,3,308
doesnt,3,308
dollars,3,308
dont,3,308
dramatic,3,308
effort,3,308
elimination,3,308
estimated,3,308
everyone,3,308
excise,3,308
existing,3,308
faith,3,308
farm,3,308
final,3,308
finance,3,308
force,3,308
forget,3,308
friends,3,308
gasoline,3,308
goals,3,308
governors,3,308
guests,3,308
heard,3,308
held,3,308
higher,3,308
highways,3,308
homestead,3,308
houses,3,308
hurt,3,308
hurting,3,308
ideas,3,308
includes,3,308
individuals,3,308
initiative,3,308
issue,3,308
justice,3,308
justices,3,308
key,3,308
known,3,308
land,3,308
lasting,3,308
leadership,3,308
limit,3,308
limited,3,308
live,3,308
long,3,308
management,3,308
manner,3,308
message,3,308
midwest,3,308
millions,3,308
mineral,3,308
minerals,3,308
money,3,308
natural,3,308
needed,3,308
neighborhood,3,308
neighborhoods,3,308
never,3,308
nickel,3,308
nuclear,3,308
number,3,308
obligation,3,308
obtain,3,308
office,3,308
organizations,3,308
others,3,308
paul,3,308
place,3,308
places,3,308
point,3,308
points,3,308
policy,3,308
political,3,308
power,3,308
predict,3,308
president,3,308
price,3,308
priorities,3,308
produce,3,308
projects,3,308
proposed,3,308
proposing,3,308
protest,3,308
pupil,3,308
real,3,308
realistically,3,308
recently,3,308
recommending,3,308
regardless,3,308
regulations,3,308
repeat,3,308
represent,3,308
require,3,308
result,3,308
rich,3,308
rising,3,308
road,3,308
run,3,308
safety,3,308
savings,3,308
sense,3,308
several,3,308
shortfall,3,308
shouldnt,3,308
significance,3,308
significant,3,308
social,3,308
soon,3,308
speaker,3,308
still,3,308
strength,3,308
struggling,3,308
substantially,3,308
supply,3,308
taconite,3,308
things,3,308
think,3,308
throughout,3,308
today,3,308
understand,3,308
unemployment,3,308
unit,3,308
unnecessary,3,308
used,3,308
vanpooling,3,308
weve,3,308
working,3,308
accomplished,2,479
according,2,479
account,2,479
accounts,2,479
accumulated,2,479
achieve,2,479
acres,2,479
address,2,479
administered,2,479
advantage,2,479
agencies,2,479
agency,2,479
agree,2,479
agreement,2,479
alcohol,2,479
almost,2,479
alone,2,479
alternatives,2,479
amend,2,479
amendments,2,479
america,2,479
americans,2,479
amount,2,479
announced,2,479
answer,2,479
answers,2,479
anyone,2,479
apart,2,479
appointed,2,479
approach,2,479
approximately,2,479
arms,2,479
arrange,2,479
aside,2,479
attitude,2,479
authority,2,479
authorize,2,479
automatic,2,479
automatically,2,479
available,2,479
avoid,2,479
bargaining,2,479
base,2,479
battleground,2,479
beginning,2,479
begins,2,479
begun,2,479
besides,2,479
bills,2,479
bipartisan,2,479
boards,2,479
brackets,2,479
broad,2,479
build,2,479
burden,2,479
canadian,2,479
cancellations,2,479
capacity,2,479
carrying,2,479
central,2,479
cents,2,479
century,2,479
challenge,2,479
checks,2,479
choice,2,479
choices,2,479
chosen,2,479
clear,2,479
commend,2,479
commissioner,2,479
compassionate,2,479
concerned,2,479
consideration,2,479
constraints,2,479
continued,2,479
cooperating,2,479
council,2,479
county,2,479
covering,2,479
creative,2,479
decision,2,479
deep,2,479
demonstration,2,479
determined,2,479
difference,2,479
differences,2,479
difficulties,2,479
dig,2,479
discipline,2,479
dispenses,2,479
disputes,2,479
disruptive,2,479
distribute,2,479
diverse,2,479
drafted,2,479
draw,2,479
drive,2,479
driving,2,479
due,2,479
earlier,2,479
earnings,2,479
effects,2,479
either,2,479
element,2,479
eliminate,2,479
employers,2,479
enduring,2,479
enter,2,479
equalized,2,479
equally,2,479
example,2,479
excellent,2,479
expand,2,479
expansion,2,479
experience,2,479
extensive,2,479
extensively,2,479
face,2,479
facing,2,479
falls,2,479
fast,2,479
february,2,479
fifth,2,479
financial,2,479
focus,2,479
following,2,479
food,2,479
forest,2,479
formula,2,479
found,2,479
foundation,2,479
fully,2,479
fundamental,2,479
funds,2,479
furthermore,2,479
getting,2,479
goods,2,479
gross,2,479
groups,2,479
grow,2,479
growing,2,479
half,2,479
halls,2,479
hands,2,479
hazardous,2,479
heat,2,479
helping,2,479
highest,2,479
history,2,479
hold,2,479
hoped,2,479
hospital,2,479
house,2,479
housing,2,479
however,2,479
immediate,2,479
impair,2,479
impaired,2,479
importance,2,479
improved,2,479
industrial,2,479
institute,2,479
institutions,2,479
insulation,2,479
interest,2,479
interests,2,479
international,2,479
interstate,2,479
involved,2,479
iron,2,479
kept,2,479
later,2,479
leader,2,479
leaders,2,479
learning,2,479
life,2,479
line,2,479
looking,2,479
lst,2,479
maintain,2,479
majority,2,479
margin,2,479
matter,2,479
mean,2,479
mentioned,2,479
metropolitan,2,479
miles,2,479
mining,2,479
neglect,2,479
neighboring,2,479
neighbors,2,479
network,2,479
night,2,479
nine,2,479
nonfarm,2,479
northern,2,479
note,2,479
obstacles,2,479
october,2,479
offer,2,479
operating,2,479
optimism,2,479
optimistic,2,479
options,2,479
ore,2,479
organization,2,479
package,2,479
paid,2,479
painful,2,479
parents,2,479
participate,2,479
participation,2,479
particularly,2,479
passed,2,479
payments,2,479
period,2,479
permanent,2,479
petroleum,2,479
plants,2,479
play,2,479
played,2,479
policies,2,479
portion,2,479
position,2,479
poverty,2,479
prices,2,479
problem,2,479
progress,2,479
protect,2,479
protection,2,479
provides,2,479
providing,2,479
provision,2,479
purpose,2,479
put,2,479
questions,2,479
range,2,479
ready,2,479
realize,2,479
reapportionment,2,479
receipts,2,479
recommendation,2,479
reducing,2,479
referendum,2,479
reforms,2,479
remaining,2,479
remove,2,479
requesting,2,479
residents,2,479
responsible,2,479
responsibly,2,479
roles,2,479
said,2,479
save,2,479
saving,2,479
scheduled,2,479
selfgoverning,2,479
senate,2,479
serious,2,479
serve,2,479
service,2,479
set,2,479
seven,2,479
sharp,2,479
shift,2,479
signs,2,479
simply,2,479
siting,2,479
six,2,479
sixth,2,479
small,2,479
solid,2,479
south,2,479
spirit,2,479
spring,2,479
stand,2,479
starting,2,479
staying,2,479
stop,2,479
strike,2,479
strikes,2,479
supplies,2,479
taken,2,479
takes,2,479
talk,2,479
taxable,2,479
tension,2,479
test,2,479
thank,2,479
though,2,479
thousands,2,479
tourism,2,479
toward,2,479
traffic,2,479
tremendous,2,479
true,2,479
trust,2,479
try,2,479
undertaken,2,479
unexpectedly,2,479
upon,2,479
urge,2,479
vastly,2,479
vote,2,479
weatherizing,2,479
weeks,2,479
western,2,479
words,2,479
yet,2,479
abandon,1,788
absolutely,1,788
abundance,1,788
abundant,1,788
accidents,1,788
accomplish,1,788
accomplishment,1,788
across,1,788
adapt,1,788
add,1,788
administration,1,788
adoption,1,788
affected,1,788
affecting,1,788
afford,1,788
aflcio,1,788
afraid,1,788
afternoon,1,788
agenda,1,788
ahead,1,788
alleys,1,788
allocated,1,788
allowance,1,788
allows,1,788
amazing,1,788
amended,1,788
american,1,788
amicable,1,788
among,1,788
amounting,1,788
amounts,1,788
analyzing,1,788
announce,1,788
annual,1,788
anticipate,1,788
anything,1,788
anywhere,1,788
apparent,1,788
apply,1,788
apprehensions,1,788
apprenticejourneyman,1,788
appropriate,1,788
appropriation,1,788
approve,1,788
april,1,788
arena,1,788
around,1,788
arrangement,1,788
arrests,1,788
arrowhead,1,788
ask,1,788
asking,1,788
assessed,1,788
assessment,1,788
assets,1,788
association,1,788
assume,1,788
assumed,1,788
assurance,1,788
astronomical,1,788
attempted,1,788
attempts,1,788
attention,1,788
attractive,1,788
authorized,1,788
auto,1,788
awaken,1,788
awesome,1,788
balanced,1,788
bankruptcy,1,788
basically,1,788
bear,1,788
beauty,1,788
beckon,1,788
beforehand,1,788
behind,1,788
belts,1,788
benefits,1,788
biennial,1,788
big,1,788
binds,1,788
biomasswetlands,1,788
biotechnology,1,788
blessed,1,788
boardsnot,1,788
bonding,1,788
bonds,1,788
border,1,788
borrow,1,788
boundaries,1,788
break,1,788
bright,1,788
bringing,1,788
broaden,1,788
broader,1,788
buildings,1,788
built,1,788
burdensome,1,788
bus,1,788
buying,1,788
byschool,1,788
calls,1,788
came,1,788
canada,1,788
cant,1,788
capita,1,788
capitalize,1,788
capitol,1,788
car,1,788
carecare,1,788
carefully,1,788
caring,1,788
carnage,1,788
carolina,1,788
carpenters,1,788
carry,1,788
cars,1,788
case,1,788
cataloging,1,788
caught,1,788
causing,1,788
cautious,1,788
centers,1,788
centersboston,1,788
centerwho,1,788
certainly,1,788
cetas,1,788
challenges,1,788
chance,1,788
changing,1,788
charged,1,788
charting,1,788
children,1,788
childrenor,1,788
childrens,1,788
childs,1,788
chop,1,788
chose,1,788
church,1,788
circumstances,1,788
civic,1,788
class,1,788
clean,1,788
closely,1,788
coal,1,788
coalition,1,788
cobalt,1,788
coffers,1,788
collapses,1,788
collecting,1,788
collective,1,788
combination,1,788
combined,1,788
comes,1,788
commendable,1,788
commerce,1,788
commercial,1,788
committed,1,788
common,1,788
company,1,788
compare,1,788
comparing,1,788
compassion,1,788
compatible,1,788
competing,1,788
completed,1,788
complexity,1,788
computer,1,788
computers,1,788
concentration,1,788
concept,1,788
concerns,1,788
conclusion,1,788
conduct,1,788
conference,1,788
confidence,1,788
conflicting,1,788
conformity,1,788
confront,1,788
confronted,1,788
confusing,1,788
confusion,1,788
congressional,1,788
conscious,1,788
consecutive,1,788
consensus,1,788
consequences,1,788
consequently,1,788
conserved,1,788
consider,1,788
considered,1,788
consistent,1,788
constant,1,788
constructed,1,788
constructing,1,788
construction,1,788
consumer,1,788
context,1,788
contingency,1,788
contributed,1,788
contributing,1,788
controversy,1,788
convene,1,788
conveniently,1,788
convince,1,788
cooperation,1,788
cooperative,1,788
coordinated,1,788
corner,1,788
corridor,1,788
councils,1,788
country,1,788
courage,1,788
cover,1,788
creativity,1,788
critical,1,788
criticizing,1,788
cushioned,1,788
cutting,1,788
daily,1,788
dallas,1,788
davis,1,788
dealing,1,788
dealt,1,788
death,1,788
debark,1,788
decade,1,788
december,1,788
decide,1,788
decline,1,788
declines,1,788
declining,1,788
dedicated,1,788
deepest,1,788
deferrals,1,788
deferred,1,788
deficitas,1,788
deficits,1,788
degree,1,788
delays,1,788
delicate,1,788
delivery,1,788
democrat,1,788
demonstrate,1,788
demonstrates,1,788
departmental,1,788
depend,1,788
dependent,1,788
depends,1,788
deposit,1,788
depreciation,1,788
depressing,1,788
describe,1,788
description,1,788
deserve,1,788
designed,1,788
despite,1,788
detail,1,788
detailed,1,788
deterioration,1,788
developing,1,788
dignity,1,788
direct,1,788
directly,1,788
disadvantaged,1,788
discover,1,788
discretionary,1,788
discussed,1,788
disease,1,788
disincentives,1,788
dispensed,1,788
disposing,1,788
disruptions,1,788
distribution,1,788
divides,1,788
doubled,1,788
doubt,1,788
downfall,1,788
dozens,1,788
dramatically,1,788
drastic,1,788
drawn,1,788
drink,1,788
driven,1,788
driver,1,788
drunken,1,788
duplication,1,788
dynamic,1,788
ead,1,788
early,1,788
earth,1,788
east,1,788
easy,1,788
easythey,1,788
educational,1,788
effect,1,788
effective,1,788
effectively,1,788
efficient,1,788
eighth,1,788
eklund,1,788
elaborate,1,788
elementary,1,788
elements,1,788
eliminated,1,788
eliminating,1,788
elmwood,1,788
else,1,788
elsewhere,1,788
emergency,1,788
employed,1,788
employersponsored,1,788
employment,1,788
enable,1,788
enabled,1,788
enabling,1,788
encouragement,1,788
encouraging,1,788
ended,1,788
ending,1,788
endurance,1,788
engineering,1,788
enhancing,1,788
enrollment,1,788
ensure,1,788
ensures,1,788
environments,1,788
envision,1,788
equal,1,788
equaled,1,788
equitable,1,788
equitably,1,788
especially,1,788
essential,1,788
estate,1,788
evaluating,1,788
ever,1,788
everincreasing,1,788
everything,1,788
evident,1,788
evolving,1,788
exceed,1,788
exception,1,788
excess,1,788
exciting,1,788
exclusively,1,788
executive,1,788
exemplary,1,788
exist,1,788
exists,1,788
expanding,1,788
expectation,1,788
expected,1,788
expenditure,1,788
expensive,1,788
explicit,1,788
exploration,1,788
explored,1,788
exports,1,788
extend,1,788
extent,1,788
extract,1,788
extremely,1,788
faced,1,788
factors,1,788
failure,1,788
fair,1,788
fairly,1,788
falling,1,788
far,1,788
farmed,1,788
farmscale,1,788
fear,1,788
fearful,1,788
feeding,1,788
feeling,1,788
fell,1,788
fewer,1,788
fiasco,1,788
fiber,1,788
figure,1,788
filled,1,788
finally,1,788
financed,1,788
finished,1,788
firmly,1,788
firms,1,788
fleet,1,788
flexibility,1,788
follow,1,788
foot,1,788
forced,1,788
forefathers,1,788
foreign,1,788
forestry,1,788
forests,1,788
forfeiting,1,788
form,1,788
forth,1,788
fortunate,1,788
forward,1,788
frames,1,788
francisco,1,788
frankly,1,788
frugality,1,788
fuelwood,1,788
fulfill,1,788
fundamentally,1,788
funded,1,788
futurists,1,788
gain,1,788
gains,1,788
gallon,1,788
gallons,1,788
gardners,1,788
gasohol,1,788
gathering,1,788
gave,1,788
generating,1,788
gentlemen,1,788
genuine,1,788
gives,1,788
glad,1,788
god,1,788
godgiven,1,788
goes,1,788
gone,1,788
goodenough,1,788
goodfaith,1,788
governmental,1,788
governmentas,1,788
grade,1,788
grandfather,1,788
grandparents,1,788
grant,1,788
grants,1,788
greatest,1,788
greatly,1,788
greed,1,788
grew,1,788
grocery,1,788
group,1,788
grown,1,788
guarantee,1,788
guess,1,788
guidelines,1,788
halt,1,788
hand,1,788
handle,1,788
hangs,1,788
happen,1,788
hard,1,788
harder,1,788
hardships,1,788
harmony,1,788
harvest,1,788
harvests,1,788
hate,1,788
haunting,1,788
headway,1,788
health,1,788
heaped,1,788
hearing,1,788
heart,1,788
heavier,1,788
heavily,1,788
helped,1,788
heritage,1,788
hese,1,788
highlights,1,788
holds,1,788
hole,1,788
hope,1,788
hopefulbut,1,788
hopefully,1,788
hostage,1,788
hosts,1,788
household,1,788
houston,1,788
huge,1,788
human,1,788
ideals,1,788
identify,1,788
ignored,1,788
ill,1,788
impacts,1,788
impose,1,788
improving,1,788
inadequate,1,788
incentive,1,788
inches,1,788
incorporating,1,788
increasing,1,788
increasingly,1,788
independent,1,788
index,1,788
indexed,1,788
indicated,1,788
indicators,1,788
indifference,1,788
individualized,1,788
industrytourismwhich,1,788
influence,1,788
inform,1,788
informed,1,788
infusion,1,788
inhabit,1,788
initial,1,788
injured,1,788
injury,1,788
innocent,1,788
innovate,1,788
instead,1,788
instinctive,1,788
institution,1,788
instruction,1,788
insulating,1,788
insurance,1,788
insure,1,788
integrate,1,788
intensive,1,788
intent,1,788
interruption,1,788
intoxicated,1,788
introduction,1,788
intrusion,1,788
inventive,1,788
invest,1,788
invested,1,788
investment,1,788
iran,1,788
islands,1,788
item,1,788
john,1,788
joint,1,788
july,1,788
keeping,1,788
kent,1,788
killed,1,788
killing,1,788
kindergarten,1,788
labor,1,788
labormanagement,1,788
labors,1,788
ladies,1,788
laid,1,788
lands,1,788
laws,1,788
league,1,788
learned,1,788
least,1,788
leave,1,788
leaving,1,788
legalization,1,788
legislators,1,788
lets,1,788
lift,1,788
lifted,1,788
light,1,788
likewise,1,788
limiting,1,788
liquid,1,788
listened,1,788
literature,1,788
living,1,788
loan,1,788
loans,1,788
localities,1,788
located,1,788
locating,1,788
lonely,1,788
longterm,1,788
looks,1,788
lose,1,788
loss,1,788
lost,1,788
loving,1,788
low,1,788
lower,1,788
lowering,1,788
main,1,788
making,1,788
man,1,788
manage,1,788
manages,1,788
manufacturer,1,788
march,1,788
markman,1,788
mass,1,788
material,1,788
matters,1,788
maximum,1,788
maybe,1,788
mayors,1,788
meaning,1,788
meant,1,788
meantime,1,788
measure,1,788
measures,1,788
mechanism,1,788
media,1,788
mediators,1,788
mentally,1,788
met,1,788
metro,1,788
michael,1,788
microelectronics,1,788
middle,1,788
mieperhour,1,788
mileage,1,788
mill,1,788
mindful,1,788
mined,1,788
minerally,1,788
mines,1,788
minorities,1,788
miracle,1,788
misdemeanor,1,788
model,1,788
moment,1,788
moments,1,788
monitor,1,788
monopolized,1,788
month,1,788
moorhead,1,788
moreover,1,788
motor,1,788
moving,1,788
mtc,1,788
municipal,1,788
nati,1,788
nationally,1,788
nations,1,788
nature,1,788
nearly,1,788
needy,1,788
neglected,1,788
neverending,1,788
newspapers,1,788
nights,1,788
noble,1,788
nonmetropolitan,1,788
nonprofit,1,788
nonstate,1,788
north,1,788
northeastern,1,788
nothing,1,788
november,1,788
nowhere,1,788
numbers,1,788
numerous,1,788
nursing,1,788
nurturing,1,788
obligations,1,788
observer,1,788
obviously,1,788
occupant,1,788
offenders,1,788
offenses,1,788
often,1,788
onehalf,1,788
onemill,1,788
open,1,788
openly,1,788
operated,1,788
operations,1,788
order,1,788
ores,1,788
outlined,1,788
outside,1,788
outstanding,1,788
overall,1,788
override,1,788
overshadow,1,788
overwhelming,1,788
owned,1,788
pain,1,788
pained,1,788
pale,1,788
paper,1,788
paperwork,1,788
paradoxical,1,788
park,1,788
parochial,1,788
particular,1,788
parties,1,788
partisan,1,788
partisanship,1,788
partners,1,788
partnership,1,788
party,1,788
passage,1,788
paying,1,788
penalties,1,788
peopleour,1,788
peoples,1,788
percentage,1,788
perched,1,788
perform,1,788
persevere,1,788
persist,1,788
person,1,788
personalized,1,788
petition,1,788
phase,1,788
phased,1,788
physical,1,788
picture,1,788
pipeline,1,788
pipelines,1,788
playa,1,788
plays,1,788
please,1,788
pledge,1,788
plowing,1,788
plus,1,788
pools,1,788
poor,1,788
ports,1,788
poss,1,788
possibilities,1,788
posture,1,788
practice,1,788
praise,1,788
predicted,1,788
preference,1,788
prepare,1,788
prepared,1,788
presented,1,788
presenting,1,788
presently,1,788
prevail,1,788
prevent,1,788
prevents,1,788
primary,1,788
prime,1,788
principles,1,788
priority,1,788
prison,1,788
privately,1,788
procedure,1,788
produced,1,788
producing,1,788
productive,1,788
productivity,1,788
profound,1,788
prohibitive,1,788
projections,1,788
promising,1,788
promote,1,788
promoting,1,788
promotion,1,788
promptly,1,788
prorated,1,788
prospects,1,788
protected,1,788
protects,1,788
proud,1,788
prove,1,788
provided,1,788
provisions,1,788
prudent,1,788
pump,1,788
purchase,1,788
purposely,1,788
pursue,1,788
push,1,788
question,1,788
quickly,1,788
quite,1,788
quote,1,788
rail,1,788
raised,1,788
rapidly,1,788
ratewe,1,788
reach,1,788
reaching,1,788
read,1,788
readied,1,788
realized,1,788
realizes,1,788
rebound,1,788
received,1,788
receiving,1,788
recent,1,788
recision,1,788
recognizing,1,788
recommended,1,788
recommends,1,788
record,1,788
recovery,1,788
red,1,788
reduction,1,788
refineries,1,788
reflect,1,788
reform,1,788
refuseand,1,788
rehabilitation,1,788
reinstated,1,788
relate,1,788
related,1,788
relations,1,788
relatively,1,788
reliance,1,788
relocate,1,788
remain,1,788
remains,1,788
renewable,1,788
repairing,1,788
repeal,1,788
reported,1,788
reports,1,788
representing,1,788
represents,1,788
republican,1,788
reputation,1,788
requested,1,788
requests,1,788
required,1,788
requirements,1,788
requires,1,788
reserve,1,788
residue,1,788
resilience,1,788
resilient,1,788
resist,1,788
resolve,1,788
resolved,1,788
resource,1,788
resourcesour,1,788
respect,1,788
responsive,1,788
restore,1,788
rethink,1,788
retrofitting,1,788
return,1,788
reverse,1,788
revew,1,788
reviews,1,788
rid,1,788
rogers,1,788
roof,1,788
room,1,788
root,1,788
rule,1,788
rules,1,788
russia,1,788
sacrifice,1,788
safe,1,788
salary,1,788
sample,1,788
san,1,788
sanitation,1,788
satisfy,1,788
say,1,788
scale,1,788
schedules,1,788
scope,1,788
searching,1,788
secondary,1,788
seem,1,788
seemingly,1,788
seems,1,788
seen,1,788
select,1,788
selfprotective,1,788
send,1,788
senseless,1,788
sensitive,1,788
series,1,788
servants,1,788
serving,1,788
sessionas,1,788
setting,1,788
settlements,1,788
settling,1,788
severely,1,788
shaky,1,788
shape,1,788
shaping,1,788
shared,1,788
shifting,1,788
shop,1,788
shores,1,788
shortened,1,788
show,1,788
shown,1,788
shows,1,788
sign,1,788
silently,1,788
similar,1,788
simple,1,788
single,1,788
sites,1,788
size,1,788
skirmishes,1,788
sliding,1,788
slowing,1,788
smaller,1,788
soar,1,788
solely,1,788
solution,1,788
solve,1,788
solvent,1,788
sophisticated,1,788
sort,1,788
sought,1,788
soul,1,788
sound,1,788
sources,1,788
southern,1,788
spared,1,788
special,1,788
specific,1,788
specifically,1,788
speech,1,788
speed,1,788
spoken,1,788
sponsorship,1,788
spread,1,788
spreads,1,788
spurred,1,788
squabbles,1,788
squander,1,788
standing,1,788
statement,1,788
statewide,1,788
status,1,788
statute,1,788
stay,1,788
steam,1,788
steel,1,788
step,1,788
stewardship,1,788
stifling,1,788
store,1,788
streamline,1,788
strengthen,1,788
strengthening,1,788
strict,1,788
strife,1,788
strongly,1,788
student,1,788
students,1,788
studies,1,788
subject,1,788
submit,1,788
subsequent,1,788
succeeding,1,788
success,1,788
successful,1,788
suffered,1,788
suggestions,1,788
suitability,1,788
suitable,1,788
summarize,1,788
summer,1,788
supplemental,1,788
supplements,1,788
sure,1,788
surplus,1,788
surrounded,1,788
survey,1,788
swimming,1,788
systems,1,788
taking,1,788
talked,1,788
talking,1,788
tape,1,788
tasks,1,788
taxation,1,788
taxed,1,788
taxpayers,1,788
teachers,1,788
teaching,1,788
technological,1,788
technologiesnot,1,788
television,1,788
tell,1,788
terminates,1,788
termination,1,788
terms,1,788
terribly,1,788
tests,1,788
thats,1,788
themare,1,788
theyre,1,788
thought,1,788
thoughts,1,788
threat,1,788
threatens,1,788
ths,1,788
thus,1,788
tied,1,788
tighten,1,788
timesand,1,788
tons,1,788
topics,1,788
totaling,1,788
tough,1,788
tougher,1,788
towns,1,788
transfer,1,788
transferred,1,788
transit,1,788
transmitted,1,788
transport,1,788
trap,1,788
travel,1,788
traveled,1,788
treated,1,788
tree,1,788
triangle,1,788
tried,1,788
trips,1,788
tropical,1,788
troubled,1,788
trusting,1,788
twentyfive,1,788
twice,1,788
twin,1,788
twothirds,1,788
ulm,1,788
ultimately,1,788
uncertain,1,788
uncertainty,1,788
understanding,1,788
undertake,1,788
unemployed,1,788
unfair,1,788
unflinching,1,788
uniform,1,788
uninterrupted,1,788
union,1,788
unique,1,788
units,1,788
unrest,1,788
upcoming,1,788
upper,1,788
uranium,1,788
urban,1,788
urgency,1,788
useful,1,788
uses,1,788
using,1,788
utilizing,1,788
utterly,1,788
valuable,1,788
values,1,788
vanpools,1,788
varying,1,788
vehicle,1,788
view,1,788
views,1,788
violators,1,788
vitality,1,788
vje,1,788
voices,1,788
voluntary,1,788
volunteered,1,788
voters,1,788
votes,1,788
wait,1,788
waiting,1,788
wall,1,788
warm,1,788
washingtonbaltimore,1,788
wasteelmwood,1,788
wasting,1,788
watch,1,788
weatherization,1,788
weatherize,1,788
weekly,1,788
welcome,1,788
welfare,1,788
went,1,788
west,1,788
whether,1,788
whose,1,788
wide,1,788
wind,1,788
winds,1,788
winter,1,788
wisdom,1,788
wise,1,788
wisely,1,788
wishes,1,788
wonder,1,788
wood,1,788
wooded,1,788
worked,1,788
worker,1,788
worlds,1,788
worldwide,1,788
worth,1,788
worthy,1,788
yesterday,1,788
