venturaword,venturacount,venturarank
will,122,1
state,111,2
tax,106,3
minnesota,86,4
people,66,5
budget,54,6
one,43,7
government,39,8
year,39,8
taxes,38,10
must,36,11
years,35,12
can,34,13
new,34,13
property,34,13
good,32,16
reform,32,16
system,32,16
every,31,19
last,31,19
sales,30,21
session,28,22
economy,27,23
spending,27,23
local,26,25
make,25,26
many,25,26
time,25,26
economic,24,29
legislature,24,29
money,24,29
two,24,29
business,23,33
need,23,33
also,22,35
education,22,35
even,22,35
first,22,35
legislative,22,35
best,20,40
important,20,40
work,20,40
like,19,43
public,19,43
things,19,43
today,19,43
development,18,47
dollars,18,47
election,18,47
propose,18,47
states,18,47
governor,17,52
services,17,52
want,17,52
world,17,52
believe,16,56
now,16,56
process,16,56
right,16,56
better,15,60
challenge,15,60
citizens,15,60
hard,15,60
help,15,60
plan,15,60
way,15,60
workforce,15,60
dont,14,68
just,14,68
support,14,68
three,14,68
big,13,72
elected,13,72
end,13,72
get,13,72
health,13,72
income,13,72
know,13,72
place,13,72
problem,13,72
take,13,72
taxpayers,13,72
working,13,72
another,12,84
care,12,84
decisions,12,84
future,12,84
great,12,84
let,12,84
much,12,84
pay,12,84
school,12,84
service,12,84
back,11,94
billion,11,94
campaign,11,94
competitive,11,94
cut,11,94
day,11,94
high,11,94
political,11,94
programs,11,94
resources,11,94
accountable,10,104
administration,10,104
candidates,10,104
changes,10,104
give,10,104
growth,10,104
making,10,104
met,10,104
million,10,104
question,10,104
reforms,10,104
responsibility,10,104
said,10,104
see,10,104
thank,10,104
address,9,119
biennium,9,119
businesses,9,119
create,9,119
department,9,119
fair,9,119
hope,9,119
keep,9,119
level,9,119
made,9,119
minnesotans,9,119
reforming,9,119
relief,9,119
results,9,119
sure,9,119
teacher,9,119
telecommunications,9,119
use,9,119
vote,9,119
bring,8,138
cities,8,138
come,8,138
commissioners,8,138
constitutional,8,138
districts,8,138
dollar,8,138
finally,8,138
finance,8,138
five,8,138
general,8,138
however,8,138
invest,8,138
less,8,138
life,8,138
long,8,138
lower,8,138
minnesotas,8,138
month,8,138
needs,8,138
problems,8,138
provide,8,138
rates,8,138
revenue,8,138
second,8,138
spend,8,138
teachers,8,138
term,8,138
thing,8,138
together,8,138
week,8,138
young,8,138
around,7,170
available,7,170
came,7,170
capitol,7,170
citizen,7,170
clear,7,170
company,7,170
ever,7,170
executive,7,170
fix,7,170
governments,7,170
house,7,170
including,7,170
information,7,170
job,7,170
laws,7,170
lets,7,170
major,7,170
may,7,170
months,7,170
nation,7,170
next,7,170
put,7,170
rate,7,170
responsible,7,170
say,7,170
schools,7,170
selfsufficiency,7,170
single,7,170
something,7,170
stand,7,170
still,7,170
thats,7,170
think,7,170
tough,7,170
value,7,170
weeks,7,170
well,7,170
worked,7,170
across,6,209
administrations,6,209
benefit,6,209
bold,6,209
century,6,209
changing,6,209
consideration,6,209
cost,6,209
costs,6,209
current,6,209
deliver,6,209
example,6,209
find,6,209
focus,6,209
four,6,209
goal,6,209
going,6,209
interest,6,209
leaders,6,209
national,6,209
open,6,209
percent,6,209
permanent,6,209
proposal,6,209
providers,6,209
run,6,209
set,6,209
strategy,6,209
times,6,209
transition,6,209
vision,6,209
ways,6,209
without,6,209
ability,5,242
access,5,242
agenda,5,242
ago,5,242
agree,5,242
already,5,242
areas,5,242
ask,5,242
become,5,242
begin,5,242
beliefs,5,242
brought,5,242
building,5,242
challengers,5,242
change,5,242
clearly,5,242
committee,5,242
competition,5,242
complicated,5,242
consider,5,242
continue,5,242
country,5,242
credit,5,242
cuts,5,242
debate,5,242
develop,5,242
didnt,5,242
done,5,242
easy,5,242
entire,5,242
expect,5,242
experience,5,242
face,5,242
fact,5,242
field,5,242
full,5,242
gets,5,242
goals,5,242
governors,5,242
hands,5,242
highest,5,242
home,5,242
huge,5,242
increase,5,242
interests,5,242
issues,5,242
join,5,242
law,5,242
learned,5,242
meet,5,242
message,5,242
monopoly,5,242
officials,5,242
often,5,242
old,5,242
opportunities,5,242
opportunity,5,242
part,5,242
passed,5,242
payments,5,242
playing,5,242
position,5,242
raise,5,242
ready,5,242
rebate,5,242
recession,5,242
result,5,242
sessions,5,242
share,5,242
since,5,242
solve,5,242
special,5,242
staff,5,242
students,5,242
tourism,5,242
towns,5,242
trade,5,242
understand,5,242
yes,5,242
yet,5,242
act,4,322
action,4,322
addition,4,322
aid,4,322
almost,4,322
always,4,322
amendment,4,322
approach,4,322
avoid,4,322
based,4,322
bill,4,322
bills,4,322
board,4,322
build,4,322
built,4,322
cant,4,322
capital,4,322
children,4,322
choice,4,322
choices,4,322
comes,4,322
commissioner,4,322
commitment,4,322
committed,4,322
cutting,4,322
dance,4,322
direct,4,322
earlier,4,322
eliminate,4,322
employees,4,322
encourage,4,322
ensure,4,322
especially,4,322
everyone,4,322
existing,4,322
family,4,322
fully,4,322
fund,4,322
getting,4,322
given,4,322
giving,4,322
got,4,322
greater,4,322
groups,4,322
hear,4,322
heard,4,322
higher,4,322
hold,4,322
homes,4,322
internet,4,322
labor,4,322
learn,4,322
least,4,322
leave,4,322
left,4,322
legislators,4,322
limit,4,322
little,4,322
lives,4,322
look,4,322
lot,4,322
makes,4,322
might,4,322
minneapolis,4,322
move,4,322
necessary,4,322
never,4,322
nursing,4,322
option,4,322
options,4,322
parties,4,322
past,4,322
paul,4,322
please,4,322
policy,4,322
politics,4,322
preserve,4,322
principles,4,322
priorities,4,322
program,4,322
projects,4,322
protect,4,322
provided,4,322
purpose,4,322
rather,4,322
rating,4,322
real,4,322
really,4,322
reduction,4,322
reductions,4,322
remember,4,322
reorganization,4,322
research,4,322
ride,4,322
role,4,322
room,4,322
saw,4,322
seen,4,322
send,4,322
served,4,322
simply,4,322
spent,4,322
start,4,322
step,4,322
stop,4,322
street,4,322
successful,4,322
talk,4,322
technology,4,322
tell,4,322
ten,4,322
third,4,322
told,4,322
took,4,322
top,4,322
toward,4,322
travel,4,322
truly,4,322
twin,4,322
unfair,4,322
university,4,322
whats,4,322
workers,4,322
works,4,322
accomplish,3,446
accountability,3,446
active,3,446
adapting,3,446
agency,3,446
agricultural,3,446
agriculture,3,446
allow,3,446
ambitious,3,446
american,3,446
amount,3,446
appropriate,3,446
arent,3,446
assured,3,446
attract,3,446
bad,3,446
beginning,3,446
belief,3,446
boards,3,446
books,3,446
branch,3,446
branches,3,446
budgets,3,446
burden,3,446
call,3,446
campaigns,3,446
certain,3,446
choose,3,446
collect,3,446
committees,3,446
communities,3,446
compete,3,446
considering,3,446
consumers,3,446
continuing,3,446
control,3,446
courage,3,446
course,3,446
created,3,446
currently,3,446
days,3,446
decided,3,446
developed,3,446
different,3,446
doesnt,3,446
early,3,446
effectively,3,446
effort,3,446
elections,3,446
emphasize,3,446
entitlements,3,446
entrepreneurial,3,446
environment,3,446
era,3,446
expectation,3,446
expenditures,3,446
expenses,3,446
facing,3,446
fairer,3,446
families,3,446
faster,3,446
fees,3,446
fey,3,446
fiscal,3,446
force,3,446
forces,3,446
form,3,446
forward,3,446
fruits,3,446
funding,3,446
funds,3,446
gallery,3,446
gimmicks,3,446
goes,3,446
growing,3,446
grown,3,446
happen,3,446
healthy,3,446
history,3,446
hopes,3,446
human,3,446
ideas,3,446
improving,3,446
incentive,3,446
include,3,446
increases,3,446
indeed,3,446
individual,3,446
industries,3,446
infrastructure,3,446
instructed,3,446
intended,3,446
interested,3,446
investments,3,446
involved,3,446
ive,3,446
january,3,446
jobs,3,446
lakes,3,446
lead,3,446
levels,3,446
levy,3,446
license,3,446
loan,3,446
logjams,3,446
marketplace,3,446
mayor,3,446
meat,3,446
mind,3,446
newly,3,446
offered,3,446
office,3,446
others,3,446
parent,3,446
parts,3,446
party,3,446
pass,3,446
paying,3,446
person,3,446
personally,3,446
phone,3,446
planning,3,446
point,3,446
possible,3,446
previous,3,446
price,3,446
private,3,446
projected,3,446
promised,3,446
promises,3,446
proud,3,446
quality,3,446
questions,3,446
raising,3,446
reality,3,446
reason,3,446
receive,3,446
recent,3,446
reformed,3,446
representatives,3,446
requires,3,446
respect,3,446
responsive,3,446
rest,3,446
rules,3,446
rural,3,446
safety,3,446
sam,3,446
sector,3,446
senate,3,446
sense,3,446
short,3,446
side,3,446
simple,3,446
sit,3,446
smaller,3,446
soft,3,446
source,3,446
speech,3,446
speed,3,446
spoke,3,446
sprawl,3,446
stay,3,446
structure,3,446
success,3,446
suggested,3,446
targeted,3,446
taxing,3,446
telephone,3,446
therefore,3,446
though,3,446
tobacco,3,446
tonight,3,446
total,3,446
town,3,446
transit,3,446
transportation,3,446
traveled,3,446
try,3,446
unicameral,3,446
used,3,446
ventura,3,446
visit,3,446
voters,3,446
welcome,3,446
went,3,446
weve,3,446
whole,3,446
willing,3,446
worse,3,446
youre,3,446
abundantly,2,637
accomplishing,2,637
accordingly,2,637
account,2,637
accounting,2,637
add,2,637
adjourn,2,637
adjustments,2,637
adopted,2,637
adult,2,637
advanced,2,637
advantage,2,637
ahead,2,637
allowed,2,637
allowing,2,637
allows,2,637
alone,2,637
along,2,637
alternative,2,637
anything,2,637
area,2,637
arts,2,637
asked,2,637
assisted,2,637
assure,2,637
attention,2,637
attitude,2,637
away,2,637
backup,2,637
balance,2,637
balanced,2,637
base,2,637
basement,2,637
basic,2,637
began,2,637
begins,2,637
behind,2,637
bemidji,2,637
betterment,2,637
bicameral,2,637
bloomington,2,637
bonding,2,637
born,2,637
brewery,2,637
brings,2,637
buy,2,637
cabins,2,637
cable,2,637
car,2,637
career,2,637
carousel,2,637
caucus,2,637
celebrate,2,637
center,2,637
chair,2,637
challenges,2,637
chamber,2,637
chart,2,637
child,2,637
circumstances,2,637
classroom,2,637
close,2,637
clothing,2,637
clubs,2,637
combine,2,637
commerce,2,637
common,2,637
community,2,637
companies,2,637
compensation,2,637
competitor,2,637
competitors,2,637
concern,2,637
continued,2,637
continues,2,637
contributions,2,637
controlled,2,637
controversial,2,637
corner,2,637
counties,2,637
county,2,637
court,2,637
crane,2,637
crashing,2,637
creates,2,637
crisis,2,637
cycle,2,637
cycles,2,637
data,2,637
deal,2,637
dedicated,2,637
deficit,2,637
delivering,2,637
demands,2,637
depend,2,637
described,2,637
designed,2,637
diggers,2,637
digging,2,637
digital,2,637
discussions,2,637
ditch,2,637
double,2,637
ecommerce,2,637
edgerton,2,637
eight,2,637
eliminating,2,637
employment,2,637
equipment,2,637
exemptions,2,637
expand,2,637
faces,2,637
facilitate,2,637
fairly,2,637
fairness,2,637
fall,2,637
farmers,2,637
fiber,2,637
final,2,637
fixing,2,637
floor,2,637
focused,2,637
follow,2,637
following,2,637
food,2,637
forget,2,637
forms,2,637
formula,2,637
free,2,637
freedom,2,637
game,2,637
gilbert,2,637
goods,2,637
govern,2,637
greatest,2,637
grew,2,637
group,2,637
grow,2,637
half,2,637
happens,2,637
happy,2,637
harder,2,637
hearing,2,637
helps,2,637
hmo,2,637
hole,2,637
honest,2,637
honor,2,637
housing,2,637
hundred,2,637
idea,2,637
immediately,2,637
improves,2,637
incentives,2,637
includes,2,637
incorporate,2,637
increased,2,637
increasing,2,637
incumbents,2,637
independent,2,637
innovation,2,637
instead,2,637
integrity,2,637
interesting,2,637
introduce,2,637
introduced,2,637
investing,2,637
investment,2,637
invited,2,637
involvement,2,637
issue,2,637
japan,2,637
joe,2,637
johnnie,2,637
june,2,637
kellogg,2,637
laid,2,637
lake,2,637
later,2,637
laura,2,637
laurels,2,637
learning,2,637
legislation,2,637
legislator,2,637
legislatures,2,637
legitimate,2,637
licensing,2,637
likewise,2,637
limited,2,637
limits,2,637
line,2,637
listened,2,637
listening,2,637
live,2,637
living,2,637
locally,2,637
longer,2,637
loophole,2,637
lose,2,637
lost,2,637
lowered,2,637
lowering,2,637
lowest,2,637
loyalty,2,637
maintain,2,637
market,2,637
markets,2,637
marshall,2,637
means,2,637
meetings,2,637
mine,2,637
minnetonka,2,637
modem,2,637
motor,2,637
moving,2,637
natural,2,637
nearly,2,637
neighborhood,2,637
nice,2,637
note,2,637
notice,2,637
notion,2,637
offer,2,637
onetime,2,637
operating,2,637
original,2,637
originally,2,637
outside,2,637
overall,2,637
overwhelmed,2,637
owed,2,637
participate,2,637
particularly,2,637
pathways,2,637
peoples,2,637
percentage,2,637
personal,2,637
played,2,637
playground,2,637
prairie,2,637
prepare,2,637
prepared,2,637
prescription,2,637
present,2,637
president,2,637
prevent,2,637
primary,2,637
privilege,2,637
probably,2,637
productive,2,637
promise,2,637
promote,2,637
proposing,2,637
protection,2,637
publics,2,637
purchases,2,637
purposes,2,637
putting,2,637
quick,2,637
quickly,2,637
quo,2,637
rail,2,637
raised,2,637
randy,2,637
rebates,2,637
recommended,2,637
reduce,2,637
reduced,2,637
reflect,2,637
registration,2,637
regulation,2,637
remain,2,637
remains,2,637
required,2,637
requirements,2,637
researchers,2,637
resolve,2,637
retailers,2,637
revenues,2,637
river,2,637
roads,2,637
sacrifice,2,637
saying,2,637
seated,2,637
secretary,2,637
sell,2,637
sellers,2,637
sent,2,637
september,2,637
serve,2,637
serving,2,637
settlement,2,637
shared,2,637
shell,2,637
shortfalls,2,637
shown,2,637
sign,2,637
simpler,2,637
site,2,637
six,2,637
size,2,637
society,2,637
solution,2,637
solved,2,637
soon,2,637
spends,2,637
spring,2,637
standing,2,637
started,2,637
statewide,2,637
status,2,637
staying,2,637
strongest,2,637
suffer,2,637
sunset,2,637
superior,2,637
supposed,2,637
table,2,637
tabs,2,637
tackle,2,637
takes,2,637
targets,2,637
television,2,637
terrorist,2,637
thanks,2,637
thinking,2,637
thought,2,637
thousands,2,637
tied,2,637
tomorrow,2,637
training,2,637
tremendous,2,637
triplea,2,637
tum,2,637
twoyear,2,637
understanding,2,637
unemployment,2,637
unfairly,2,637
unless,2,637
upon,2,637
usually,2,637
vehicle,2,637
visited,2,637
voice,2,637
voter,2,637
wall,2,637
war,2,637
warned,2,637
watching,2,637
web,2,637
welcoming,2,637
whether,2,637
win,2,637
within,2,637
wont,2,637
word,2,637
words,2,637
youll,2,637
youth,2,637
able,1,996
abolishes,1,996
abraham,1,996
abroad,1,996
absolutely,1,996
abuse,1,996
abused,1,996
accept,1,996
acceptable,1,996
achieve,1,996
achievement,1,996
achieving,1,996
acknowledge,1,996
acknowledged,1,996
acting,1,996
actual,1,996
actually,1,996
adamantly,1,996
added,1,996
addicted,1,996
addiction,1,996
additional,1,996
addressing,1,996
adds,1,996
administrative,1,996
administrators,1,996
adopt,1,996
ads,1,996
adults,1,996
advance,1,996
advancing,1,996
adversarial,1,996
adversity,1,996
advice,1,996
advisors,1,996
advocacy,1,996
advocates,1,996
affects,1,996
affiance,1,996
affordable,1,996
agencies,1,996
aging,1,996
agreement,1,996
aide,1,996
albert,1,996
alexandria,1,996
align,1,996
alliance,1,996
alligator,1,996
alvarado,1,996
ambassador,1,996
america,1,996
among,1,996
anderson,1,996
angeles,1,996
announced,1,996
annually,1,996
answer,1,996
answers,1,996
anyone,1,996
apartments,1,996
appeals,1,996
applaud,1,996
apple,1,996
applied,1,996
apply,1,996
appreciative,1,996
appropriated,1,996
approved,1,996
april,1,996
arguably,1,996
argue,1,996
argued,1,996
argument,1,996
arm,1,996
arnold,1,996
articulating,1,996
artistic,1,996
aside,1,996
asking,1,996
aspect,1,996
assess,1,996
asset,1,996
associate,1,996
attack,1,996
attacks,1,996
attend,1,996
attendance,1,996
attorney,1,996
attracting,1,996
attractive,1,996
auditor,1,996
authorized,1,996
automatically,1,996
average,1,996
avoided,1,996
avoiding,1,996
awake,1,996
award,1,996
awards,1,996
backed,1,996
backs,1,996
backthey,1,996
balances,1,996
balancing,1,996
bank,1,996
banks,1,996
bargaining,1,996
barrage,1,996
barriers,1,996
basically,1,996
basics,1,996
bear,1,996
becker,1,996
becomes,1,996
beefed,1,996
begets,1,996
behalf,1,996
belgrade,1,996
believed,1,996
believers,1,996
belongs,1,996
bernards,1,996
beyond,1,996
biennial,1,996
bigger,1,996
biggest,1,996
billions,1,996
bin,1,996
binds,1,996
blame,1,996
blow,1,996
boat,1,996
boating,1,996
bodies,1,996
body,1,996
bogged,1,996
boil,1,996
bone,1,996
borders,1,996
borne,1,996
borrow,1,996
borrowing,1,996
bottom,1,996
bow,1,996
box,1,996
brackets,1,996
bratwurst,1,996
bravely,1,996
bread,1,996
breaker,1,996
bridges,1,996
brightest,1,996
bringing,1,996
broad,1,996
broaden,1,996
broken,1,996
budgetary,1,996
burdens,1,996
bus,1,996
butter,1,996
cabin,1,996
cabinets,1,996
callaway,1,996
called,1,996
calling,1,996
camouflaged,1,996
cancer,1,996
candid,1,996
candidate,1,996
canoeing,1,996
canton,1,996
capture,1,996
careers,1,996
careful,1,996
carefully,1,996
caregiver,1,996
caring,1,996
carlson,1,996
carol,1,996
carried,1,996
case,1,996
cash,1,996
caucuses,1,996
caught,1,996
causes,1,996
caution,1,996
cautious,1,996
celebration,1,996
cellphones,1,996
ceo,1,996
certainly,1,996
challenging,1,996
chambers,1,996
changed,1,996
channeled,1,996
chapter,1,996
chapters,1,996
character,1,996
charge,1,996
charging,1,996
charmed,1,996
chatfield,1,996
checks,1,996
chest,1,996
chicago,1,996
chief,1,996
chipping,1,996
chooses,1,996
choreographer,1,996
chose,1,996
chosen,1,996
cigarettes,1,996
circuit,1,996
cited,1,996
citiesbased,1,996
citizenry,1,996
class,1,996
classic,1,996
classifications,1,996
clause,1,996
cleaning,1,996
climate,1,996
clinton,1,996
clock,1,996
closely,1,996
closest,1,996
closing,1,996
cloud,1,996
cohesion,1,996
cold,1,996
collection,1,996
collections,1,996
collects,1,996
combination,1,996
combined,1,996
comer,1,996
comforting,1,996
coming,1,996
commercialization,1,996
communications,1,996
commuter,1,996
compassionate,1,996
competitiveness,1,996
complete,1,996
completed,1,996
completely,1,996
concentrate,1,996
concerned,1,996
concerns,1,996
concert,1,996
conclude,1,996
condition,1,996
conference,1,996
confidence,1,996
confront,1,996
congested,1,996
congressional,1,996
congressmen,1,996
connection,1,996
conscience,1,996
consequences,1,996
consequently,1,996
conservative,1,996
considered,1,996
constant,1,996
constructive,1,996
consume,1,996
consumer,1,996
contemporary,1,996
controlling,1,996
convened,1,996
convictions,1,996
convince,1,996
convinced,1,996
cope,1,996
corning,1,996
corporate,1,996
costa,1,996
couldnt,1,996
council,1,996
counting,1,996
couple,1,996
cover,1,996
cows,1,996
creating,1,996
creation,1,996
creative,1,996
creatively,1,996
critical,1,996
crucial,1,996
cure,1,996
cushion,1,996
customers,1,996
dances,1,996
dare,1,996
dating,1,996
deadline,1,996
decade,1,996
decision,1,996
decisionmaking,1,996
decrease,1,996
dedication,1,996
deeply,1,996
defend,1,996
defensive,1,996
deficits,1,996
definitional,1,996
delano,1,996
delay,1,996
delayed,1,996
delivered,1,996
delta,1,996
demand,1,996
democrats,1,996
demonstrate,1,996
dental,1,996
despite,1,996
deteriorate,1,996
detroit,1,996
developing,1,996
dialogue,1,996
dictate,1,996
die,1,996
difference,1,996
difficult,1,996
difficulty,1,996
digit,1,996
dilemma,1,996
director,1,996
directors,1,996
disabilities,1,996
disadvantage,1,996
disappointed,1,996
discipline,1,996
disconnect,1,996
discovery,1,996
disease,1,996
disputes,1,996
distinct,1,996
district,1,996
divide,1,996
docking,1,996
dollat,1,996
domestic,1,996
donn,1,996
dorothy,1,996
downand,1,996
downtown,1,996
dragged,1,996
dragging,1,996
driven,1,996
driving,1,996
drug,1,996
drugs,1,996
duluth,1,996
dutcher,1,996
duty,1,996
earn,1,996
earned,1,996
earnings,1,996
ease,1,996
economists,1,996
eden,1,996
edges,1,996
educate,1,996
educated,1,996
effect,1,996
effective,1,996
effects,1,996
efficient,1,996
efforts,1,996
either,1,996
elderly,1,996
elephant,1,996
eliminates,1,996
elk,1,996
employee,1,996
employer,1,996
employers,1,996
employs,1,996
encouraged,1,996
encouraging,1,996
ended,1,996
endow,1,996
endowing,1,996
endowments,1,996
ends,1,996
engaging,1,996
engine,1,996
enhanced,1,996
enjoying,1,996
enough,1,996
ensuring,1,996
enters,1,996
entirely,1,996
entitlement,1,996
entrusted,1,996
envision,1,996
erase,1,996
essential,1,996
essentials,1,996
establishing,1,996
estimated,1,996
evade,1,996
evaluate,1,996
evaluating,1,996
evaluation,1,996
eveleth,1,996
eveningim,1,996
event,1,996
everything,1,996
evil,1,996
evolve,1,996
exact,1,996
exactly,1,996
examples,1,996
excellent,1,996
excess,1,996
exempt,1,996
exempted,1,996
exercising,1,996
existed,1,996
expanded,1,996
expanding,1,996
expansion,1,996
expectations,1,996
expected,1,996
expecting,1,996
expedited,1,996
expenditure,1,996
expensive,1,996
experienced,1,996
experts,1,996
explain,1,996
explore,1,996
exploring,1,996
export,1,996
exports,1,996
express,1,996
extend,1,996
extending,1,996
extends,1,996
fac,1,996
faced,1,996
facility,1,996
fails,1,996
fainthearted,1,996
falls,1,996
far,1,996
farm,1,996
farmland,1,996
farms,1,996
fast,1,996
fastest,1,996
favorable,1,996
favorite,1,996
february,1,996
federal,1,996
feel,1,996
feels,1,996
fellow,1,996
fertile,1,996
fewer,1,996
filling,1,996
films,1,996
financial,1,996
financing,1,996
finding,1,996
fire,1,996
firms,1,996
fiscally,1,996
fish,1,996
fishing,1,996
fixed,1,996
fixes,1,996
flaws,1,996
flexible,1,996
flood,1,996
flow,1,996
foolish,1,996
foot,1,996
forecast,1,996
forgiveness,1,996
forgotten,1,996
formulas,1,996
fortified,1,996
fortunate,1,996
forty,1,996
fortyfour,1,996
fought,1,996
found,1,996
foundation,1,996
founded,1,996
fourth,1,996
fresh,1,996
friend,1,996
friends,1,996
frontenac,1,996
frustrated,1,996
frustrates,1,996
fuels,1,996
fulda,1,996
fulfills,1,996
functions,1,996
fundamental,1,996
fundraising,1,996
gain,1,996
gangs,1,996
gaping,1,996
gas,1,996
gave,1,996
gene,1,996
generally,1,996
generations,1,996
gentlemen,1,996
geranium,1,996
gimmick,1,996
gives,1,996
giveyou,1,996
glenwood,1,996
global,1,996
globally,1,996
golf,1,996
golfing,1,996
gone,1,996
gotten,1,996
governing,1,996
grade,1,996
grader,1,996
graduation,1,996
greatness,1,996
greet,1,996
grounds,1,996
guaranteed,1,996
guide,1,996
haircut,1,996
haircuts,1,996
halt,1,996
hammers,1,996
hand,1,996
handy,1,996
happening,1,996
happiness,1,996
hardworking,1,996
harold,1,996
hatch,1,996
hatsukami,1,996
healthiest,1,996
hearings,1,996
heartthank,1,996
heating,1,996
heeded,1,996
heidelberg,1,996
helped,1,996
helping,1,996
heres,1,996
hesitate,1,996
hidden,1,996
highly,1,996
hiking,1,996
hire,1,996
holding,1,996
honorable,1,996
honored,1,996
honoring,1,996
hoyt,1,996
hugoson,1,996
hugs,1,996
humanity,1,996
humphrey,1,996
hurts,1,996
husband,1,996
hutchinson,1,996
ignore,1,996
ignores,1,996
ill,1,996
illegally,1,996
illustrate,1,996
immediate,1,996
impact,1,996
imperative,1,996
implemented,1,996
implementing,1,996
impossible,1,996
impressed,1,996
improve,1,996
improved,1,996
improvement,1,996
inaction,1,996
inauguration,1,996
inch,1,996
incomes,1,996
increasingly,1,996
incredibly,1,996
individually,1,996
individuals,1,996
industry,1,996
inequities,1,996
inflationary,1,996
influence,1,996
inherent,1,996
initiatives,1,996
innovative,1,996
input,1,996
insist,1,996
inspection,1,996
inspections,1,996
inspire,1,996
institutes,1,996
institutions,1,996
insurance,1,996
integrate,1,996
intend,1,996
intends,1,996
intention,1,996
intrusive,1,996
invention,1,996
irrelevant,1,996
isnt,1,996
item,1,996
items,1,996
japanese,1,996
jeopardized,1,996
jeopardy,1,996
jerry,1,996
johnson,1,996
joined,1,996
joint,1,996
judged,1,996
judgment,1,996
judi,1,996
justice,1,996
justices,1,996
juvenile,1,996
kept,1,996
key,1,996
kids,1,996
kiffmeyer,1,996
killed,1,996
kind,1,996
kindergarten,1,996
kindness,1,996
knows,1,996
kreofsky,1,996
kreofskys,1,996
laden,1,996
ladies,1,996
lakeyou,1,996
large,1,996
largest,1,996
lark,1,996
lastb,1,996
lasting,1,996
late,1,996
laundered,1,996
lawmakers,1,996
lay,1,996
lea,1,996
leader,1,996
leadership,1,996
leads,1,996
lean,1,996
led,1,996
leftover,1,996
legal,1,996
legislate,1,996
legislatureand,1,996
lessthey,1,996
leverage,1,996
levies,1,996
levying,1,996
liberty,1,996
lie,1,996
lifetime,1,996
light,1,996
lightens,1,996
lincoln,1,996
list,1,996
lists,1,996
littered,1,996
livelihoods,1,996
load,1,996
loans,1,996
lobbyist,1,996
location,1,996
logic,1,996
logical,1,996
longest,1,996
longterm,1,996
looking,1,996
loosening,1,996
los,1,996
loss,1,996
low,1,996
lunch,1,996
lynch,1,996
mabel,1,996
machinery,1,996
mae,1,996
mailings,1,996
main,1,996
maintaining,1,996
mall,1,996
managed,1,996
management,1,996
managing,1,996
mandated,1,996
mandates,1,996
mankato,1,996
manner,1,996
manufacture,1,996
march,1,996
marked,1,996
marketing,1,996
marlin,1,996
mary,1,996
masonic,1,996
materials,1,996
math,1,996
matt,1,996
matter,1,996
matters,1,996
maximum,1,996
mayors,1,996
mcelroy,1,996
mean,1,996
measurable,1,996
measures,1,996
measuring,1,996
mechanism,1,996
media,1,996
medicare,1,996
meeting,1,996
meets,1,996
megamall,1,996
members,1,996
mentoring,1,996
mess,1,996
messages,1,996
metropolitan,1,996
micro,1,996
midfebruary,1,996
migrate,1,996
mike,1,996
millions,1,996
mingled,1,996
mis,1,996
mischaracterization,1,996
misleading,1,996
missed,1,996
mission,1,996
models,1,996
mondale,1,996
moorhead,1,996
morris,1,996
mostly,1,996
movers,1,996
mysteries,1,996
names,1,996
necessarily,1,996
negative,1,996
neighboring,1,996
neither,1,996
nervous,1,996
net,1,996
networks,1,996
neutral,1,996
nicotine,1,996
night,1,996
nobody,1,996
nomination,1,996
non,1,996
noncompetitive,1,996
none,1,996
nonprofit,1,996
nonsense,1,996
nothing,1,996
noticed,1,996
notoriety,1,996
november,1,996
number,1,996
numbers,1,996
nurses,1,996
obligation,1,996
obsolete,1,996
obtained,1,996
obvious,1,996
obviously,1,996
odds,1,996
odenthal,1,996
officer,1,996
officers,1,996
ones,1,996
online,1,996
oppose,1,996
optic,1,996
order,1,996
organizations,1,996
oriented,1,996
osama,1,996
oust,1,996
outcomes,1,996
outdated,1,996
outlet,1,996
outnumbered,1,996
outstanding,1,996
overdue,1,996
overhaul,1,996
overhauled,1,996
overshadowed,1,996
owatonna,1,996
owner,1,996
owners,1,996
pace,1,996
paced,1,996
packaging,1,996
packers,1,996
pages,1,996
paid,1,996
pan,1,996
paraphrase,1,996
parents,1,996
particular,1,996
partisan,1,996
partners,1,996
partnership,1,996
passes,1,996
patrols,1,996
paved,1,996
paycheck,1,996
payment,1,996
penalties,1,996
penrod,1,996
per,1,996
perform,1,996
performancebased,1,996
performer,1,996
perhaps,1,996
permanently,1,996
persevere,1,996
perspective,1,996
petty,1,996
piano,1,996
picture,1,996
pieces,1,996
places,1,996
planned,1,996
plans,1,996
pledged,1,996
pocketbook,1,996
pockets,1,996
pointed,1,996
poised,1,996
police,1,996
politically,1,996
politicians,1,996
politicize,1,996
polls,1,996
pollution,1,996
pork,1,996
postpone,1,996
pounds,1,996
powderhorn,1,996
powers,1,996
practices,1,996
precise,1,996
premium,1,996
premiums,1,996
preoccupies,1,996
preparing,1,996
presented,1,996
presenting,1,996
preserved,1,996
presidential,1,996
pressure,1,996
prestigious,1,996
pretty,1,996
priced,1,996
prices,1,996
principal,1,996
principle,1,996
priority,1,996
prisons,1,996
proceeds,1,996
processing,1,996
produce,1,996
produced,1,996
producing,1,996
product,1,996
products,1,996
profession,1,996
professional,1,996
profits,1,996
progress,1,996
progressive,1,996
project,1,996
projection,1,996
prominent,1,996
proper,1,996
prove,1,996
provider,1,996
providing,1,996
prudent,1,996
pta,1,996
punishes,1,996
pursue,1,996
pursuit,1,996
puts,1,996
quagmire,1,996
qualified,1,996
qualifying,1,996
quarters,1,996
quietly,1,996
quit,1,996
quite,1,996
quote,1,996
rain,1,996
randomly,1,996
rank,1,996
rapid,1,996
rare,1,996
rationale,1,996
reach,1,996
realize,1,996
reallocate,1,996
rebatesnow,1,996
rebuild,1,996
receiving,1,996
recently,1,996
recognize,1,996
recognized,1,996
recognizing,1,996
recommend,1,996
recommendation,1,996
recommendations,1,996
recorder,1,996
records,1,996
reducing,1,996
redundant,1,996
reengage,1,996
referendum,1,996
referendums,1,996
refund,1,996
regarding,1,996
region,1,996
regulations,1,996
regulatory,1,996
reimbursement,1,996
reining,1,996
related,1,996
releasing,1,996
reliable,1,996
rely,1,996
remind,1,996
remove,1,996
renewed,1,996
rental,1,996
repeal,1,996
repealing,1,996
repertory,1,996
represent,1,996
representation,1,996
representative,1,996
representing,1,996
republicans,1,996
reserve,1,996
reserves,1,996
residence,1,996
residential,1,996
residents,1,996
resilience,1,996
resolving,1,996
resort,1,996
resource,1,996
response,1,996
restraint,1,996
restrict,1,996
restructured,1,996
return,1,996
reveal,1,996
revealing,1,996
reveals,1,996
reversal,1,996
review,1,996
reviewing,1,996
revisiting,1,996
rewarded,1,996
rework,1,996
riddled,1,996
rise,1,996
rising,1,996
rivers,1,996
rochester,1,996
rogers,1,996
roots,1,996
rule,1,996
ruling,1,996
sacred,1,996
sad,1,996
safe,1,996
safeguard,1,996
salesman,1,996
sams,1,996
sarah,1,996
save,1,996
savings,1,996
scale,1,996
scared,1,996
schunk,1,996
schwartzenegger,1,996
science,1,996
scouts,1,996
section,1,996
securing,1,996
security,1,996
seek,1,996
seeking,1,996
seemed,1,996
seems,1,996
segment,1,996
selected,1,996
self,1,996
selling,1,996
sending,1,996
senior,1,996
seniors,1,996
separation,1,996
serenaded,1,996
series,1,996
serious,1,996
servants,1,996
serviceminded,1,996
setting,1,996
settlements,1,996
settleup,1,996
several,1,996
shake,1,996
shakers,1,996
shape,1,996
sharing,1,996
shelf,1,996
shifted,1,996
shock,1,996
shopping,1,996
shortages,1,996
shortfall,1,996
shortrun,1,996
shovels,1,996
show,1,996
showing,1,996
shows,1,996
shrink,1,996
shut,1,996
significant,1,996
signing,1,996
sincerity,1,996
sine,1,996
singers,1,996
sixty,1,996
sizes,1,996
skeptical,1,996
skiing,1,996
skilled,1,996
slayton,1,996
slipped,1,996
slow,1,996
smart,1,996
smiles,1,996
smith,1,996
snow,1,996
snowmobiling,1,996
socalled,1,996
soil,1,996
sold,1,996
someone,1,996
someones,1,996
somewhere,1,996
sounded,1,996
sources,1,996
span,1,996
speak,1,996
speaker,1,996
speaking,1,996
speaks,1,996
specific,1,996
spirit,1,996
spirits,1,996
split,1,996
sports,1,996
sprawling,1,996
standard,1,996
standards,1,996
starting,1,996
starts,1,996
stassen,1,996
statemandated,1,996
stating,1,996
statistics,1,996
statute,1,996
stepped,1,996
stood,1,996
strategic,1,996
strategies,1,996
streamlined,1,996
strong,1,996
stronger,1,996
strongly,1,996
struggle,1,996
struggling,1,996
student,1,996
stupid,1,996
subject,1,996
submit,1,996
submitted,1,996
subsidies,1,996
subsidize,1,996
substantial,1,996
substantially,1,996
succeeded,1,996
successfully,1,996
sufficiency,1,996
suggestions,1,996
summary,1,996
summer,1,996
sums,1,996
sunday,1,996
supporting,1,996
supreme,1,996
surplus,1,996
surpluses,1,996
surprises,1,996
surrounds,1,996
swimming,1,996
tag,1,996
taken,1,996
taking,1,996
talented,1,996
talked,1,996
taxable,1,996
taxation,1,996
taxed,1,996
taxeswe,1,996
taxpayer,1,996
teaching,1,996
teams,1,996
tech,1,996
ted,1,996
teeth,1,996
temptation,1,996
tendency,1,996
tenth,1,996
tenyear,1,996
terrible,1,996
terrorists,1,996
tests,1,996
thatwhat,1,996
thelongterm,1,996
theres,1,996
theyre,1,996
thief,1,996
thirtyfive,1,996
thoroughly,1,996
thoughtful,1,996
thoughts,1,996
thrive,1,996
throughout,1,996
timely,1,996
timing,1,996
tinker,1,996
tinklenberg,1,996
tiny,1,996
tired,1,996
tires,1,996
todayand,1,996
todays,1,996
tolerate,1,996
toll,1,996
ton,1,996
tools,1,996
torgenson,1,996
totaling,1,996
totally,1,996
touch,1,996
touched,1,996
tougher,1,996
toured,1,996
toy,1,996
track,1,996
tragic,1,996
trail,1,996
train,1,996
treasurer,1,996
trier,1,996
trip,1,996
tripartisan,1,996
trips,1,996
trust,1,996
truth,1,996
tuning,1,996
turfwars,1,996
turned,1,996
twice,1,996
type,1,996
types,1,996
ultimate,1,996
unaffiliated,1,996
understandability,1,996
undo,1,996
undoing,1,996
unfortunately,1,996
unfunded,1,996
uniform,1,996
unique,1,996
unit,1,996
united,1,996
units,1,996
unlimited,1,996
unlocking,1,996
unnecessary,1,996
untangling,1,996
untaxed,1,996
unusual,1,996
urban,1,996
urge,1,996
urged,1,996
urgency,1,996
urgently,1,996
users,1,996
usual,1,996
utter,1,996
vacancies,1,996
valley,1,996
values,1,996
various,1,996
venture,1,996
venue,1,996
veterans,1,996
vetoing,1,996
viable,1,996
video,1,996
views,1,996
vigilant,1,996
violence,1,996
visible,1,996
visits,1,996
vital,1,996
vitality,1,996
vocabulary,1,996
vocationaltechnical,1,996
volunteering,1,996
voting,1,996
voucher,1,996
wallet,1,996
washes,1,996
wasting,1,996
watch,1,996
weak,1,996
weigh,1,996
wellintentioned,1,996
wendell,1,996
whatever,1,996
whistle,1,996
wholesale,1,996
whos,1,996
whose,1,996
willingness,1,996
willmar,1,996
windfall,1,996
winning,1,996
wish,1,996
women,1,996
wonder,1,996
wondering,1,996
worker,1,996
worried,1,996
worst,1,996
worthington,1,996
written,1,996
wrong,1,996
york,1,996
yougood,1,996
